Headline,Sentiment,Sector
Nikkei 225 index benefits from a weaker yen,,Technology
Government subsidy program gives a lift to the agriculture sector,,Retail
New housing data release shows a slowdown in market activity,Neutral,Retail
Massive stock buyback program announced by a consumer goods company,Positive,Consumer Goods
Government spending bill is expected to stimulate the economy,Negative,Consumer Goods
Central bank maintains status quo on interest rates,Negative,Transportation
Tech Giant's New Product Launch Sparks Sector-Wide Gains,Neutral,Telecommunications
A massive data breach sends a tech company's stock tumbling,Positive,Retail
,Positive,Automotive
Market sentiment turns positive on vaccine trial results,Negative,Energy
"Global trade talks collapse, causing market turmoil",Positive,Transportation
Aerospace and Defense sector sees rally amid geopolitical tensions,,Pharmaceuticals
Supply chain issues impact manufacturing sector earnings,Neutral,Healthcare
,Negative,Aerospace & Defense
Market braces for a major policy announcement from the EU,Positive,Finance
New IPO for a popular software firm is oversubscribed,Negative,Industrials
Market sentiment turns positive on vaccine trial results,Negative,Real Estate
Major technology firm acquires a smaller rival in a multi-billion dollar deal,Positive,Aerospace & Defense
Manufacturing PMI data signals economic expansion,,Retail
Financial services stocks rally on strong profit margins,Positive,Finance
,Negative,Industrials
Mining company stock surges on commodity price boom,Negative,Agriculture
Tech Giant's New Product Launch Sparks Sector-Wide Gains,Neutral,Real Estate
Financial sector bracing for new capital requirements,Positive,Utilities
Major technology firm acquires a smaller rival in a multi-billion dollar deal,,Construction
ASX 200 gains on strong export performance,Positive,Media & Entertainment
ASX 200 gains on strong export performance,Neutral,Industrials
Bond yields tumble as investors seek safe havens,Positive,Telecommunications
Utilities sector remains stable during market fluctuations,Neutral,Media & Entertainment
Financial sector bracing for new capital requirements,Neutral,Healthcare
Consumer Discretionary stocks outperform as spending increases,Positive,Retail
Quarterly report shows surprising losses for retail giants,Positive,Energy
Major oil spill sends energy stocks plummeting,Negative,Transportation
China's Shanghai Composite falls after new trade restrictions,Positive,Utilities
Healthcare stocks gain on robust demand and strong outlook,Positive,Industrials
Retail sales report surpasses all forecasts,Neutral,Agriculture
Government spending bill is expected to stimulate the economy,Negative,Pharmaceuticals
Bond yields tumble as investors seek safe havens,,Aerospace & Defense
Government spending bill is expected to stimulate the economy,Negative,Agriculture
Financial sector bracing for new capital requirements,,Industrials
Financial services stocks rally on strong profit margins,Negative,Materials
Government subsidy program gives a lift to the agriculture sector,Positive,Agriculture
Federal Reserve Chairman's speech causes market volatility,Positive,Transportation
Gold prices surge as investors flee riskier assets,Positive,Telecommunications
Real Estate sector shows signs of overheating as interest rates fall,Neutral,Agriculture
Semiconductor shortages weigh heavily on tech sector profits,Positive,Real Estate
Semiconductor shortages weigh heavily on tech sector profits,Neutral,Utilities
Gold prices surge as investors flee riskier assets,Neutral,Media & Entertainment
Government subsidy program gives a lift to the agriculture sector,Neutral,Healthcare
,Negative,Automotive
Geopolitical ceasefire prompts a broad market recovery,Neutral,Materials
Massive stock buyback program announced by a consumer goods company,Positive,Agriculture
Media and Entertainment companies report a surge in streaming revenue,Neutral,Consumer Goods
A massive data breach sends a tech company's stock tumbling,Neutral,Automotive
Major technology firm acquires a smaller rival in a multi-billion dollar deal,Neutral,Transportation
Geopolitical ceasefire prompts a broad market recovery,Neutral,Materials
Mining company stock surges on commodity price boom,,Finance
Healthcare stocks gain on robust demand and strong outlook,Neutral,Materials
Major technology firm acquires a smaller rival in a multi-billion dollar deal,Positive,Construction
Central Bank Governor signals potential shift in policy,Neutral,Industrials
Banking stocks dip after a major scandal is revealed,Negative,Agriculture
Financial sector bracing for new capital requirements,Positive,Aerospace & Defense
Aerospace and Defense sector sees rally amid geopolitical tensions,,Real Estate
Bond yields tumble as investors seek safe havens,Positive,Industrials
UK's FTSE 100 sees a boost from favorable trade data,Neutral,Technology
Government subsidy program gives a lift to the agriculture sector,Positive,Transportation
Semiconductor shortages weigh heavily on tech sector profits,Positive,Agriculture
New housing data release shows a slowdown in market activity,Positive,Telecommunications
Utilities sector remains stable during market fluctuations,Negative,Energy
Central bank maintains status quo on interest rates,Negative,Agriculture
E-commerce earnings report beats all analyst expectations,Negative,Finance
Unexpected rise in unemployment fuels market pessimism,Negative,Consumer Goods
Merger talks between two banks fall through,Neutral,Retail
Automotive industry faces headwinds from rising material costs,Neutral,Finance
Geopolitical ceasefire prompts a broad market recovery,Negative,Finance
New IPO for a popular software firm is oversubscribed,Positive,Media & Entertainment
Massive stock buyback program announced by a consumer goods company,Positive,Construction
Market sentiment turns positive on vaccine trial results,Neutral,Media & Entertainment
Financial services stocks rally on strong profit margins,Positive,Utilities
Gold prices surge as investors flee riskier assets,Negative,Transportation
Central bank maintains status quo on interest rates,Positive,Transportation
Geopolitical ceasefire prompts a broad market recovery,Neutral,Media & Entertainment
Government subsidy program gives a lift to the agriculture sector,Negative,Consumer Goods
Major oil spill sends energy stocks plummeting,Negative,Healthcare
Government subsidy program gives a lift to the agriculture sector,,Telecommunications
Media and Entertainment companies report a surge in streaming revenue,,Agriculture
"Global trade talks collapse, causing market turmoil",Positive,Agriculture
Energy company's dividend hike excites shareholders,Negative,Energy
Government policy shift boosts renewable energy sector,Positive,Transportation
UK's FTSE 100 sees a boost from favorable trade data,Neutral,Media & Entertainment
Crude oil prices drop to a multi-year low,Positive,Telecommunications
New housing data release shows a slowdown in market activity,Neutral,Media & Entertainment
Market braces for a major policy announcement from the EU,Positive,Real Estate
Market braces for a major policy announcement from the EU,Positive,Transportation
Aerospace and Defense sector sees rally amid geopolitical tensions,Positive,Agriculture
Pharmaceutical company's drug approval drives stock upward,Negative,Automotive
Crude oil prices drop to a multi-year low,Neutral,Transportation
Mining company stock surges on commodity price boom,Neutral,Real Estate
A massive data breach sends a tech company's stock tumbling,,Healthcare
,Neutral,Pharmaceuticals
,Neutral,Utilities
Consumer Discretionary stocks outperform as spending increases,Negative,Materials
New IPO for a popular software firm is oversubscribed,Positive,Transportation
Consumer Discretionary stocks outperform as spending increases,Positive,Utilities
ASX 200 gains on strong export performance,Negative,Utilities
Geopolitical ceasefire prompts a broad market recovery,Negative,Retail
Federal Reserve Chairman's speech causes market volatility,Negative,Energy
Banking stocks dip after a major scandal is revealed,Neutral,Technology
UK's FTSE 100 sees a boost from favorable trade data,Positive,Transportation
E-commerce earnings report beats all analyst expectations,Neutral,Media & Entertainment
Massive stock buyback program announced by a consumer goods company,Negative,Agriculture
Crude oil prices drop to a multi-year low,Positive,Agriculture
Massive stock buyback program announced by a consumer goods company,,Media & Entertainment
Manufacturing PMI data signals economic expansion,Neutral,Construction
E-commerce earnings report beats all analyst expectations,Negative,Materials
Supply chain issues impact manufacturing sector earnings,,Materials
Supply chain issues impact manufacturing sector earnings,Negative,Technology
Massive stock buyback program announced by a consumer goods company,Neutral,Utilities
Government spending bill is expected to stimulate the economy,Neutral,Construction
Market braces for a major policy announcement from the EU,Positive,Construction
Tech Giant's New Product Launch Sparks Sector-Wide Gains,Neutral,Utilities
Tech Giant's New Product Launch Sparks Sector-Wide Gains,Positive,Materials
Supply chain issues impact manufacturing sector earnings,Negative,Healthcare
Gold prices surge as investors flee riskier assets,Neutral,Industrials
Central bank maintains status quo on interest rates,Negative,Healthcare
A massive data breach sends a tech company's stock tumbling,Neutral,Media & Entertainment
Energy company's dividend hike excites shareholders,Neutral,Healthcare
,Neutral,Automotive
"Global trade talks collapse, causing market turmoil",Negative,Energy
Unexpected rise in unemployment fuels market pessimism,,Aerospace & Defense
Merger talks between two banks fall through,Positive,Agriculture
Bond yields tumble as investors seek safe havens,Negative,Real Estate
Pharmaceutical company's drug approval drives stock upward,Neutral,Automotive
Bond yields tumble as investors seek safe havens,Negative,Finance
Nikkei 225 index benefits from a weaker yen,Neutral,Agriculture
Tech Giant's New Product Launch Sparks Sector-Wide Gains,Negative,Agriculture
A massive data breach sends a tech company's stock tumbling,Positive,Consumer Goods
Central bank maintains status quo on interest rates,Negative,Agriculture
Manufacturing PMI data signals economic expansion,,Industrials
Financial services stocks rally on strong profit margins,Negative,Industrials
Geopolitical ceasefire prompts a broad market recovery,Negative,Consumer Goods
Market sentiment turns positive on vaccine trial results,Neutral,Pharmaceuticals
Central Bank's dovish tone hints at future rate cuts,Positive,Healthcare
New housing data release shows a slowdown in market activity,Negative,Telecommunications
New housing data release shows a slowdown in market activity,Negative,Construction
Real Estate sector shows signs of overheating as interest rates fall,Neutral,Healthcare
ASX 200 gains on strong export performance,Neutral,Industrials
Federal Reserve Chairman's speech causes market volatility,Negative,Agriculture
Nikkei 225 index benefits from a weaker yen,Positive,Technology
Healthcare stocks gain on robust demand and strong outlook,Positive,Aerospace & Defense
Crude oil prices drop to a multi-year low,Negative,Utilities
Dow Jones plunges as market fears recession,Neutral,Automotive
Manufacturing PMI data signals economic expansion,,Finance
Supply chain issues impact manufacturing sector earnings,Positive,Agriculture
Utilities sector remains stable during market fluctuations,Negative,Technology
Central Bank's dovish tone hints at future rate cuts,Positive,Automotive
Pharmaceutical company's drug approval drives stock upward,Positive,Transportation
Automotive industry faces headwinds from rising material costs,Neutral,Telecommunications
Tech Giant's New Product Launch Sparks Sector-Wide Gains,Positive,Utilities
Central bank maintains status quo on interest rates,Neutral,Industrials
"Global trade talks collapse, causing market turmoil",Neutral,Retail
,,Transportation
Central Bank Governor signals potential shift in policy,Positive,Materials
Tech Giant's New Product Launch Sparks Sector-Wide Gains,Negative,Transportation
Central bank maintains status quo on interest rates,Negative,Utilities
Pharmaceutical company's drug approval drives stock upward,Negative,Real Estate
Central Bank's dovish tone hints at future rate cuts,Neutral,Transportation
Central Bank Governor signals potential shift in policy,Positive,Real Estate
Bond yields tumble as investors seek safe havens,Positive,Technology
Bond yields tumble as investors seek safe havens,Negative,Energy
Central Bank's dovish tone hints at future rate cuts,Neutral,Consumer Goods
Massive stock buyback program announced by a consumer goods company,Neutral,Finance
Tech Giant's New Product Launch Sparks Sector-Wide Gains,Negative,Utilities
,Negative,Construction
Crude oil prices drop to a multi-year low,Positive,Aerospace & Defense
Market sentiment turns positive on vaccine trial results,Positive,Materials
Unexpected rise in unemployment fuels market pessimism,Positive,Construction
Market sentiment turns positive on vaccine trial results,Positive,Materials
Pharmaceutical company's drug approval drives stock upward,Neutral,Utilities
Mining company stock surges on commodity price boom,Negative,Construction
Government subsidy program gives a lift to the agriculture sector,Neutral,Healthcare
New regulations on cryptocurrencies cause a market dip,Negative,Utilities
,Neutral,Agriculture
New regulations on cryptocurrencies cause a market dip,Negative,Automotive
ASX 200 gains on strong export performance,Neutral,Transportation
Utilities sector remains stable during market fluctuations,Positive,Industrials
Government spending bill is expected to stimulate the economy,Negative,Utilities
Automotive industry faces headwinds from rising material costs,Positive,Pharmaceuticals
,Neutral,Utilities
Semiconductor shortages weigh heavily on tech sector profits,Negative,Consumer Goods
Government policy shift boosts renewable energy sector,Neutral,Utilities
"Global trade talks collapse, causing market turmoil",Negative,Real Estate
E-commerce earnings report beats all analyst expectations,Neutral,Real Estate
Supply chain issues impact manufacturing sector earnings,Positive,Energy
"Global trade talks collapse, causing market turmoil",Positive,Telecommunications
Media and Entertainment companies report a surge in streaming revenue,Neutral,Materials
Bond yields tumble as investors seek safe havens,Neutral,Industrials
Gold prices surge as investors flee riskier assets,Neutral,Agriculture
Supply chain issues impact manufacturing sector earnings,Positive,Utilities
ASX 200 gains on strong export performance,Neutral,Materials
A massive data breach sends a tech company's stock tumbling,Neutral,Industrials
A massive data breach sends a tech company's stock tumbling,Neutral,Automotive
Banking stocks dip after a major scandal is revealed,Positive,Automotive
Record-high inflation data rattles investors,Negative,Energy
New IPO for a popular software firm is oversubscribed,Positive,Aerospace & Defense
,Negative,Automotive
Supply chain issues impact manufacturing sector earnings,Positive,Finance
Manufacturing PMI data signals economic expansion,Negative,Construction
Central bank maintains status quo on interest rates,Negative,Real Estate
Retail sales report surpasses all forecasts,Negative,Energy
Pharmaceutical company's drug approval drives stock upward,Positive,Technology
A massive data breach sends a tech company's stock tumbling,Negative,Agriculture
Automotive industry faces headwinds from rising material costs,,Healthcare
New regulations on cryptocurrencies cause a market dip,Negative,Industrials
Record-high inflation data rattles investors,Positive,Finance
Utilities sector remains stable during market fluctuations,Neutral,Finance
Semiconductor shortages weigh heavily on tech sector profits,Negative,Real Estate
Semiconductor shortages weigh heavily on tech sector profits,Positive,Agriculture
Real Estate sector shows signs of overheating as interest rates fall,Positive,Energy
UK's FTSE 100 sees a boost from favorable trade data,Negative,Transportation
Major technology firm acquires a smaller rival in a multi-billion dollar deal,Positive,Construction
Banking stocks dip after a major scandal is revealed,Positive,Agriculture
Semiconductor shortages weigh heavily on tech sector profits,Neutral,Agriculture
"Global trade talks collapse, causing market turmoil",Neutral,Aerospace & Defense
Consumer Discretionary stocks outperform as spending increases,Neutral,Energy
Automotive industry faces headwinds from rising material costs,Negative,Materials
Government subsidy program gives a lift to the agriculture sector,Positive,Agriculture
Automotive industry faces headwinds from rising material costs,Neutral,Aerospace & Defense
Dow Jones plunges as market fears recession,Negative,Technology
Record-high inflation data rattles investors,Negative,Industrials
Tech Giant's New Product Launch Sparks Sector-Wide Gains,Positive,Telecommunications
Banking stocks dip after a major scandal is revealed,Neutral,Industrials
Crude oil prices drop to a multi-year low,Neutral,Technology
Unexpected rise in unemployment fuels market pessimism,Neutral,Media & Entertainment
Energy company's dividend hike excites shareholders,Positive,Industrials
"Global trade talks collapse, causing market turmoil",Positive,Real Estate
Utilities sector remains stable during market fluctuations,Neutral,Agriculture
China's Shanghai Composite falls after new trade restrictions,Positive,Aerospace & Defense
ASX 200 gains on strong export performance,Neutral,Finance
New housing data release shows a slowdown in market activity,Negative,Telecommunications
Central Bank Governor signals potential shift in policy,Negative,Pharmaceuticals
Tech Giant's New Product Launch Sparks Sector-Wide Gains,Positive,Media & Entertainment
ASX 200 gains on strong export performance,Positive,Technology
Crude oil prices drop to a multi-year low,Negative,Utilities
Quarterly report shows surprising losses for retail giants,Negative,Telecommunications
Record-high inflation data rattles investors,Neutral,Materials
Major oil spill sends energy stocks plummeting,Positive,Telecommunications
Utilities sector remains stable during market fluctuations,Negative,Healthcare
New housing data release shows a slowdown in market activity,Neutral,Materials
,Negative,Construction
Banking stocks dip after a major scandal is revealed,Neutral,Construction
Banking stocks dip after a major scandal is revealed,Negative,Automotive
,Negative,Automotive
Central Bank Governor signals potential shift in policy,Positive,Real Estate
New IPO for a popular software firm is oversubscribed,Negative,Construction
Market sentiment turns positive on vaccine trial results,Negative,Agriculture
China's Shanghai Composite falls after new trade restrictions,Positive,Aerospace & Defense
Media and Entertainment companies report a surge in streaming revenue,Neutral,Construction
Automotive industry faces headwinds from rising material costs,Positive,Transportation
Aerospace and Defense sector sees rally amid geopolitical tensions,,Automotive
Energy company's dividend hike excites shareholders,Positive,Industrials
Media and Entertainment companies report a surge in streaming revenue,Neutral,Aerospace & Defense
Real Estate sector shows signs of overheating as interest rates fall,Negative,Transportation
Dow Jones plunges as market fears recession,Neutral,Industrials
Gold prices surge as investors flee riskier assets,Neutral,Technology
Healthcare stocks gain on robust demand and strong outlook,Neutral,Automotive
Pharmaceutical company's drug approval drives stock upward,Neutral,Pharmaceuticals
Government subsidy program gives a lift to the agriculture sector,Neutral,Retail
,Neutral,Energy
Financial sector bracing for new capital requirements,Positive,Telecommunications
Real Estate sector shows signs of overheating as interest rates fall,Negative,Construction
Real Estate sector shows signs of overheating as interest rates fall,Positive,Retail
Government spending bill is expected to stimulate the economy,Negative,Retail
Utilities sector remains stable during market fluctuations,Neutral,Media & Entertainment
Retail sales report surpasses all forecasts,Neutral,Real Estate
Geopolitical ceasefire prompts a broad market recovery,Positive,Technology
Crude oil prices drop to a multi-year low,Negative,Energy
Merger talks between two banks fall through,Neutral,Utilities
"Global trade talks collapse, causing market turmoil",Neutral,Media & Entertainment
China's Shanghai Composite falls after new trade restrictions,Negative,Healthcare
Financial services stocks rally on strong profit margins,Neutral,Materials
Media and Entertainment companies report a surge in streaming revenue,Negative,Finance
Financial services stocks rally on strong profit margins,Negative,Transportation
Retail sales report surpasses all forecasts,Neutral,Agriculture
Government policy shift boosts renewable energy sector,Positive,Finance
Consumer confidence index reaches a decade high,Positive,Retail
Media and Entertainment companies report a surge in streaming revenue,Positive,Retail
China's Shanghai Composite falls after new trade restrictions,Neutral,Automotive
Massive stock buyback program announced by a consumer goods company,Neutral,Energy
Government policy shift boosts renewable energy sector,,Aerospace & Defense
Financial services stocks rally on strong profit margins,Neutral,Technology
Unexpected rise in unemployment fuels market pessimism,Positive,Telecommunications
Pharmaceutical company's drug approval drives stock upward,Neutral,Finance
Nikkei 225 index benefits from a weaker yen,Positive,Industrials
New housing data release shows a slowdown in market activity,Negative,Pharmaceuticals
Gold prices surge as investors flee riskier assets,Negative,Healthcare
Merger talks between two banks fall through,Negative,Transportation
Government subsidy program gives a lift to the agriculture sector,Negative,Agriculture
Utilities sector remains stable during market fluctuations,Positive,Industrials
Central bank maintains status quo on interest rates,Positive,Healthcare
"Global trade talks collapse, causing market turmoil",Negative,Energy
Nikkei 225 index benefits from a weaker yen,Negative,Aerospace & Defense
Market sentiment turns positive on vaccine trial results,Negative,Retail
New IPO for a popular software firm is oversubscribed,Negative,Media & Entertainment
UK's FTSE 100 sees a boost from favorable trade data,Positive,Agriculture
Geopolitical ceasefire prompts a broad market recovery,Neutral,Transportation
Bond yields tumble as investors seek safe havens,Negative,Media & Entertainment
Government policy shift boosts renewable energy sector,Positive,Transportation
Semiconductor shortages weigh heavily on tech sector profits,Neutral,Agriculture
Market braces for a major policy announcement from the EU,Negative,Healthcare
UK's FTSE 100 sees a boost from favorable trade data,,Automotive
"Global trade talks collapse, causing market turmoil",Positive,Transportation
Retail sales report surpasses all forecasts,Negative,Technology
Federal Reserve Chairman's speech causes market volatility,Neutral,Industrials
New regulations on cryptocurrencies cause a market dip,Positive,Telecommunications
China's Shanghai Composite falls after new trade restrictions,Positive,Aerospace & Defense
Central Bank's dovish tone hints at future rate cuts,Neutral,Pharmaceuticals
Massive stock buyback program announced by a consumer goods company,Neutral,Construction
New regulations on cryptocurrencies cause a market dip,Negative,Retail
Merger talks between two banks fall through,Neutral,Utilities
Government policy shift boosts renewable energy sector,Negative,Finance
Bond yields tumble as investors seek safe havens,Negative,Technology
New regulations on cryptocurrencies cause a market dip,Neutral,Aerospace & Defense
Mining company stock surges on commodity price boom,Positive,Materials
Crude oil prices drop to a multi-year low,Positive,Construction
Pharmaceutical company's drug approval drives stock upward,Positive,Materials
New regulations on cryptocurrencies cause a market dip,Negative,Materials
UK's FTSE 100 sees a boost from favorable trade data,Negative,Industrials
Real Estate sector shows signs of overheating as interest rates fall,Positive,Transportation
E-commerce earnings report beats all analyst expectations,Negative,Construction
Government policy shift boosts renewable energy sector,Neutral,Media & Entertainment
Manufacturing PMI data signals economic expansion,Neutral,Telecommunications
Government policy shift boosts renewable energy sector,Negative,Real Estate
Nikkei 225 index benefits from a weaker yen,Negative,Telecommunications
Automotive industry faces headwinds from rising material costs,Negative,Technology
Manufacturing PMI data signals economic expansion,Negative,Telecommunications
ASX 200 gains on strong export performance,Positive,Retail
Quarterly report shows surprising losses for retail giants,Neutral,Technology
Government spending bill is expected to stimulate the economy,Negative,Finance
Government subsidy program gives a lift to the agriculture sector,,Construction
,Positive,Agriculture
Major oil spill sends energy stocks plummeting,Neutral,Agriculture
Bond yields tumble as investors seek safe havens,Negative,Energy
Banking stocks dip after a major scandal is revealed,Negative,Aerospace & Defense
Central Bank's dovish tone hints at future rate cuts,Neutral,Telecommunications
Government policy shift boosts renewable energy sector,,Telecommunications
Government spending bill is expected to stimulate the economy,Neutral,Energy
Unexpected rise in unemployment fuels market pessimism,Negative,Utilities
Utilities sector remains stable during market fluctuations,Neutral,Construction
Manufacturing PMI data signals economic expansion,Negative,Real Estate
Major oil spill sends energy stocks plummeting,Positive,Retail
Federal Reserve Chairman's speech causes market volatility,Positive,Energy
Tech Giant's New Product Launch Sparks Sector-Wide Gains,Neutral,Industrials
Merger talks between two banks fall through,Negative,Construction
Federal Reserve Chairman's speech causes market volatility,Neutral,Agriculture
Unexpected rise in unemployment fuels market pessimism,Negative,Healthcare
Utilities sector remains stable during market fluctuations,Positive,Aerospace & Defense
Financial sector bracing for new capital requirements,Positive,Materials
Nikkei 225 index benefits from a weaker yen,Positive,Industrials
New housing data release shows a slowdown in market activity,Negative,Pharmaceuticals
Crude oil prices drop to a multi-year low,Negative,Real Estate
Real Estate sector shows signs of overheating as interest rates fall,Neutral,Agriculture
Market sentiment turns positive on vaccine trial results,Negative,Materials
Real Estate sector shows signs of overheating as interest rates fall,Negative,Aerospace & Defense
Government subsidy program gives a lift to the agriculture sector,Negative,Real Estate
Mining company stock surges on commodity price boom,Neutral,Consumer Goods
Unexpected rise in unemployment fuels market pessimism,Neutral,Technology
Major oil spill sends energy stocks plummeting,Neutral,Utilities
New regulations on cryptocurrencies cause a market dip,Negative,Construction
New regulations on cryptocurrencies cause a market dip,Negative,Retail
Financial services stocks rally on strong profit margins,Neutral,Real Estate
Supply chain issues impact manufacturing sector earnings,Neutral,Healthcare
Banking stocks dip after a major scandal is revealed,Neutral,Healthcare
Quarterly report shows surprising losses for retail giants,Positive,Materials
Market sentiment turns positive on vaccine trial results,Neutral,Utilities
UK's FTSE 100 sees a boost from favorable trade data,Negative,Media & Entertainment
Federal Reserve Chairman's speech causes market volatility,Negative,Transportation
,Negative,Aerospace & Defense
Supply chain issues impact manufacturing sector earnings,Positive,Pharmaceuticals
ASX 200 gains on strong export performance,Positive,Finance
Tech Giant's New Product Launch Sparks Sector-Wide Gains,Negative,Telecommunications
Dow Jones plunges as market fears recession,Negative,Finance
Central Bank's dovish tone hints at future rate cuts,Positive,Automotive
Gold prices surge as investors flee riskier assets,Negative,Energy
Central Bank Governor signals potential shift in policy,Negative,Materials
A massive data breach sends a tech company's stock tumbling,Neutral,Pharmaceuticals
Government policy shift boosts renewable energy sector,Negative,Real Estate
Supply chain issues impact manufacturing sector earnings,Positive,Retail
Real Estate sector shows signs of overheating as interest rates fall,Neutral,Agriculture
Geopolitical ceasefire prompts a broad market recovery,Neutral,Finance
,Positive,Healthcare
Major oil spill sends energy stocks plummeting,Neutral,Telecommunications
China's Shanghai Composite falls after new trade restrictions,Neutral,Aerospace & Defense
Bond yields tumble as investors seek safe havens,Neutral,Retail
E-commerce earnings report beats all analyst expectations,Negative,Automotive
ASX 200 gains on strong export performance,Neutral,Utilities
,Negative,Media & Entertainment
Media and Entertainment companies report a surge in streaming revenue,Neutral,Energy
Consumer confidence index reaches a decade high,Neutral,Utilities
Retail sales report surpasses all forecasts,Positive,Automotive
ASX 200 gains on strong export performance,Neutral,Media & Entertainment
Consumer confidence index reaches a decade high,Negative,Media & Entertainment
New housing data release shows a slowdown in market activity,,Automotive
Central Bank Governor signals potential shift in policy,Negative,Construction
Geopolitical ceasefire prompts a broad market recovery,Neutral,Construction
Automotive industry faces headwinds from rising material costs,Positive,Construction
Consumer Discretionary stocks outperform as spending increases,Negative,Consumer Goods
Automotive industry faces headwinds from rising material costs,Positive,Construction
Aerospace and Defense sector sees rally amid geopolitical tensions,Neutral,Transportation
,,Aerospace & Defense
Retail sales report surpasses all forecasts,Negative,Consumer Goods
Supply chain issues impact manufacturing sector earnings,Negative,Construction
Bond yields tumble as investors seek safe havens,,Healthcare
E-commerce earnings report beats all analyst expectations,Neutral,Energy
Automotive industry faces headwinds from rising material costs,Neutral,Technology
Government subsidy program gives a lift to the agriculture sector,Neutral,Retail
Financial services stocks rally on strong profit margins,Negative,Energy
Central Bank Governor signals potential shift in policy,Neutral,Technology
Supply chain issues impact manufacturing sector earnings,Negative,Energy
Unexpected rise in unemployment fuels market pessimism,Negative,Industrials
Geopolitical ceasefire prompts a broad market recovery,Positive,Agriculture
"Global trade talks collapse, causing market turmoil",Negative,Telecommunications
,Neutral,Technology
E-commerce earnings report beats all analyst expectations,Negative,Retail
Central Bank Governor signals potential shift in policy,Negative,Telecommunications
UK's FTSE 100 sees a boost from favorable trade data,Positive,Telecommunications
Major technology firm acquires a smaller rival in a multi-billion dollar deal,Negative,Healthcare
Market braces for a major policy announcement from the EU,Positive,Pharmaceuticals
New housing data release shows a slowdown in market activity,Positive,Media & Entertainment
Government spending bill is expected to stimulate the economy,Negative,Industrials
Federal Reserve Chairman's speech causes market volatility,Negative,Healthcare
Consumer Discretionary stocks outperform as spending increases,Neutral,Automotive
Government spending bill is expected to stimulate the economy,Positive,Pharmaceuticals
Tech Giant's New Product Launch Sparks Sector-Wide Gains,Positive,Consumer Goods
,Neutral,Media & Entertainment
Healthcare stocks gain on robust demand and strong outlook,Positive,Energy
Financial sector bracing for new capital requirements,Negative,Technology
A massive data breach sends a tech company's stock tumbling,Neutral,Agriculture
Financial sector bracing for new capital requirements,Positive,Energy
Tech Giant's New Product Launch Sparks Sector-Wide Gains,Positive,Materials
Supply chain issues impact manufacturing sector earnings,Negative,Real Estate
Federal Reserve Chairman's speech causes market volatility,Neutral,Materials
Supply chain issues impact manufacturing sector earnings,Neutral,Industrials
Utilities sector remains stable during market fluctuations,Negative,Utilities
Media and Entertainment companies report a surge in streaming revenue,Neutral,Transportation
Manufacturing PMI data signals economic expansion,Negative,Telecommunications
Banking stocks dip after a major scandal is revealed,Positive,Utilities
,Negative,Utilities
Nikkei 225 index benefits from a weaker yen,,Healthcare
Tech Giant's New Product Launch Sparks Sector-Wide Gains,Negative,Utilities
Massive stock buyback program announced by a consumer goods company,Negative,Energy
"Global trade talks collapse, causing market turmoil",Positive,Automotive
Merger talks between two banks fall through,Negative,Technology
Federal Reserve Chairman's speech causes market volatility,Neutral,Real Estate
Market sentiment turns positive on vaccine trial results,Neutral,Healthcare
Government policy shift boosts renewable energy sector,Neutral,Utilities
Supply chain issues impact manufacturing sector earnings,Positive,Healthcare
Quarterly report shows surprising losses for retail giants,Positive,Aerospace & Defense
Central Bank's dovish tone hints at future rate cuts,Positive,Retail
Nikkei 225 index benefits from a weaker yen,Positive,Healthcare
ASX 200 gains on strong export performance,Positive,Media & Entertainment
Massive stock buyback program announced by a consumer goods company,Neutral,Energy
Banking stocks dip after a major scandal is revealed,Positive,Construction
A massive data breach sends a tech company's stock tumbling,Neutral,Retail
Energy company's dividend hike excites shareholders,Positive,Technology
Dow Jones plunges as market fears recession,,Finance
,,Aerospace & Defense
Unexpected rise in unemployment fuels market pessimism,,Media & Entertainment
Major oil spill sends energy stocks plummeting,Positive,Industrials
ASX 200 gains on strong export performance,Negative,Retail
New regulations on cryptocurrencies cause a market dip,Negative,Real Estate
,Neutral,Construction
Automotive industry faces headwinds from rising material costs,Neutral,Agriculture
A massive data breach sends a tech company's stock tumbling,Negative,Technology
Central Bank's dovish tone hints at future rate cuts,Negative,Technology
Federal Reserve Chairman's speech causes market volatility,Negative,Telecommunications
Major oil spill sends energy stocks plummeting,Positive,Industrials
Healthcare stocks gain on robust demand and strong outlook,Neutral,Materials
Merger talks between two banks fall through,Positive,Transportation
Market sentiment turns positive on vaccine trial results,Positive,Technology
Healthcare stocks gain on robust demand and strong outlook,Neutral,Energy
"Global trade talks collapse, causing market turmoil",Negative,Retail
New housing data release shows a slowdown in market activity,Neutral,Technology
Gold prices surge as investors flee riskier assets,Negative,Transportation
Consumer Discretionary stocks outperform as spending increases,,Real Estate
Real Estate sector shows signs of overheating as interest rates fall,Neutral,Aerospace & Defense
Mining company stock surges on commodity price boom,,Consumer Goods
New housing data release shows a slowdown in market activity,Neutral,Technology
ASX 200 gains on strong export performance,Negative,Real Estate
New regulations on cryptocurrencies cause a market dip,Neutral,Pharmaceuticals
Geopolitical ceasefire prompts a broad market recovery,Negative,Consumer Goods
Government spending bill is expected to stimulate the economy,Neutral,Telecommunications
Financial services stocks rally on strong profit margins,Positive,Construction
Bond yields tumble as investors seek safe havens,,Automotive
E-commerce earnings report beats all analyst expectations,Neutral,Aerospace & Defense
Government subsidy program gives a lift to the agriculture sector,Positive,Telecommunications
UK's FTSE 100 sees a boost from favorable trade data,Neutral,Aerospace & Defense
Federal Reserve Chairman's speech causes market volatility,Positive,Agriculture
Semiconductor shortages weigh heavily on tech sector profits,Neutral,Pharmaceuticals
Geopolitical ceasefire prompts a broad market recovery,Negative,Automotive
Consumer confidence index reaches a decade high,Negative,Materials
New regulations on cryptocurrencies cause a market dip,Negative,Automotive
Central bank maintains status quo on interest rates,Negative,Real Estate
Massive stock buyback program announced by a consumer goods company,Negative,Finance
Major technology firm acquires a smaller rival in a multi-billion dollar deal,Neutral,Construction
Tech Giant's New Product Launch Sparks Sector-Wide Gains,Positive,Industrials
"Global trade talks collapse, causing market turmoil",Neutral,Utilities
Financial services stocks rally on strong profit margins,Negative,Finance
Consumer Discretionary stocks outperform as spending increases,Negative,Utilities
Financial sector bracing for new capital requirements,Negative,Healthcare
New IPO for a popular software firm is oversubscribed,Neutral,Aerospace & Defense
New housing data release shows a slowdown in market activity,Neutral,Automotive
Geopolitical ceasefire prompts a broad market recovery,Negative,Utilities
Major oil spill sends energy stocks plummeting,,Utilities
Banking stocks dip after a major scandal is revealed,Neutral,Telecommunications
New regulations on cryptocurrencies cause a market dip,Neutral,Automotive
Tech Giant's New Product Launch Sparks Sector-Wide Gains,Negative,Utilities
,Negative,Utilities
Dow Jones plunges as market fears recession,Neutral,Agriculture
Crude oil prices drop to a multi-year low,Positive,Transportation
ASX 200 gains on strong export performance,Positive,Utilities
Tech Giant's New Product Launch Sparks Sector-Wide Gains,Positive,Real Estate
UK's FTSE 100 sees a boost from favorable trade data,Negative,Construction
Major oil spill sends energy stocks plummeting,Negative,Consumer Goods
Utilities sector remains stable during market fluctuations,Positive,Retail
Automotive industry faces headwinds from rising material costs,Negative,Telecommunications
Merger talks between two banks fall through,,Materials
New housing data release shows a slowdown in market activity,Negative,Consumer Goods
Financial services stocks rally on strong profit margins,Neutral,Pharmaceuticals
Media and Entertainment companies report a surge in streaming revenue,Positive,Aerospace & Defense
Media and Entertainment companies report a surge in streaming revenue,Neutral,Automotive
Record-high inflation data rattles investors,Neutral,Construction
A massive data breach sends a tech company's stock tumbling,Neutral,Utilities
Automotive industry faces headwinds from rising material costs,Positive,Transportation
A massive data breach sends a tech company's stock tumbling,Neutral,Industrials
Geopolitical ceasefire prompts a broad market recovery,Positive,Retail
Merger talks between two banks fall through,Positive,Technology
Financial sector bracing for new capital requirements,Positive,Automotive
Media and Entertainment companies report a surge in streaming revenue,Negative,Consumer Goods
New IPO for a popular software firm is oversubscribed,Negative,Automotive
Massive stock buyback program announced by a consumer goods company,Negative,Pharmaceuticals
Retail sales report surpasses all forecasts,Positive,Energy
Nikkei 225 index benefits from a weaker yen,,Construction
Nikkei 225 index benefits from a weaker yen,Negative,Telecommunications
Major technology firm acquires a smaller rival in a multi-billion dollar deal,Neutral,Media & Entertainment
Quarterly report shows surprising losses for retail giants,Positive,Energy
Gold prices surge as investors flee riskier assets,Neutral,Automotive
Nikkei 225 index benefits from a weaker yen,Neutral,Aerospace & Defense
Government spending bill is expected to stimulate the economy,Negative,Real Estate
Federal Reserve Chairman's speech causes market volatility,Positive,Media & Entertainment
Mining company stock surges on commodity price boom,Neutral,Consumer Goods
Dow Jones plunges as market fears recession,Neutral,Industrials
UK's FTSE 100 sees a boost from favorable trade data,,Pharmaceuticals
New IPO for a popular software firm is oversubscribed,Negative,Real Estate
Consumer Discretionary stocks outperform as spending increases,,Aerospace & Defense
Central Bank Governor signals potential shift in policy,Negative,Aerospace & Defense
Geopolitical ceasefire prompts a broad market recovery,Positive,Aerospace & Defense
Retail sales report surpasses all forecasts,Neutral,Transportation
Aerospace and Defense sector sees rally amid geopolitical tensions,Neutral,Retail
New IPO for a popular software firm is oversubscribed,Negative,Finance
Tech Giant's New Product Launch Sparks Sector-Wide Gains,Positive,Automotive
,Positive,Technology
Bond yields tumble as investors seek safe havens,Neutral,Utilities
Record-high inflation data rattles investors,Neutral,Materials
E-commerce earnings report beats all analyst expectations,Negative,Retail
Central bank maintains status quo on interest rates,Neutral,Media & Entertainment
Record-high inflation data rattles investors,Neutral,Retail
Nikkei 225 index benefits from a weaker yen,Neutral,Media & Entertainment
China's Shanghai Composite falls after new trade restrictions,Positive,Aerospace & Defense
Bond yields tumble as investors seek safe havens,,Real Estate
China's Shanghai Composite falls after new trade restrictions,Negative,Retail
New IPO for a popular software firm is oversubscribed,Positive,Energy
Real Estate sector shows signs of overheating as interest rates fall,Positive,Industrials
Central Bank Governor signals potential shift in policy,,Construction
Record-high inflation data rattles investors,Positive,Real Estate
"Global trade talks collapse, causing market turmoil",Neutral,Agriculture
UK's FTSE 100 sees a boost from favorable trade data,Neutral,Consumer Goods
Consumer confidence index reaches a decade high,Positive,Pharmaceuticals
Crude oil prices drop to a multi-year low,Negative,Healthcare
Automotive industry faces headwinds from rising material costs,Neutral,Media & Entertainment
Automotive industry faces headwinds from rising material costs,Negative,Utilities
Merger talks between two banks fall through,Negative,Industrials
Major oil spill sends energy stocks plummeting,Neutral,Media & Entertainment
A massive data breach sends a tech company's stock tumbling,,Utilities
Mining company stock surges on commodity price boom,Negative,Pharmaceuticals
Bond yields tumble as investors seek safe havens,Neutral,Energy
Supply chain issues impact manufacturing sector earnings,Neutral,Telecommunications
Record-high inflation data rattles investors,Negative,Finance
Consumer Discretionary stocks outperform as spending increases,,Pharmaceuticals
Automotive industry faces headwinds from rising material costs,Negative,Industrials
Supply chain issues impact manufacturing sector earnings,Negative,Industrials
Crude oil prices drop to a multi-year low,Positive,Aerospace & Defense
Media and Entertainment companies report a surge in streaming revenue,Negative,Aerospace & Defense
New housing data release shows a slowdown in market activity,Negative,Aerospace & Defense
Pharmaceutical company's drug approval drives stock upward,Positive,Materials
UK's FTSE 100 sees a boost from favorable trade data,Negative,Technology
Federal Reserve Chairman's speech causes market volatility,Neutral,Utilities
Tech Giant's New Product Launch Sparks Sector-Wide Gains,Neutral,Construction
Federal Reserve Chairman's speech causes market volatility,Neutral,Energy
Government spending bill is expected to stimulate the economy,Negative,Pharmaceuticals
Gold prices surge as investors flee riskier assets,Negative,Materials
Major technology firm acquires a smaller rival in a multi-billion dollar deal,Negative,Construction
Pharmaceutical company's drug approval drives stock upward,Negative,Utilities
Market sentiment turns positive on vaccine trial results,Neutral,Real Estate
Major technology firm acquires a smaller rival in a multi-billion dollar deal,Negative,Utilities
Major oil spill sends energy stocks plummeting,Neutral,Industrials
Consumer confidence index reaches a decade high,Positive,Real Estate
Healthcare stocks gain on robust demand and strong outlook,Positive,Agriculture
Government spending bill is expected to stimulate the economy,Negative,Automotive
Utilities sector remains stable during market fluctuations,Negative,Finance
New IPO for a popular software firm is oversubscribed,Neutral,Energy
Consumer confidence index reaches a decade high,Positive,Aerospace & Defense
Federal Reserve Chairman's speech causes market volatility,Neutral,Construction
Geopolitical ceasefire prompts a broad market recovery,Neutral,Energy
Semiconductor shortages weigh heavily on tech sector profits,Positive,Finance
Crude oil prices drop to a multi-year low,Positive,Pharmaceuticals
Consumer Discretionary stocks outperform as spending increases,Positive,Pharmaceuticals
Unexpected rise in unemployment fuels market pessimism,Positive,Aerospace & Defense
Central bank maintains status quo on interest rates,Positive,Real Estate
Utilities sector remains stable during market fluctuations,Positive,Aerospace & Defense
Record-high inflation data rattles investors,Neutral,Technology
Market sentiment turns positive on vaccine trial results,Positive,Technology
Government spending bill is expected to stimulate the economy,Positive,Healthcare
Financial sector bracing for new capital requirements,Neutral,Media & Entertainment
A massive data breach sends a tech company's stock tumbling,Neutral,Telecommunications
Manufacturing PMI data signals economic expansion,Negative,Materials
Government policy shift boosts renewable energy sector,Negative,Telecommunications
Banking stocks dip after a major scandal is revealed,Negative,Utilities
Federal Reserve Chairman's speech causes market volatility,Negative,Healthcare
Government spending bill is expected to stimulate the economy,Neutral,Industrials
Quarterly report shows surprising losses for retail giants,Negative,Construction
New IPO for a popular software firm is oversubscribed,Negative,Energy
Crude oil prices drop to a multi-year low,Positive,Media & Entertainment
Geopolitical ceasefire prompts a broad market recovery,Positive,Aerospace & Defense
New regulations on cryptocurrencies cause a market dip,Positive,Utilities
,Positive,Energy
Retail sales report surpasses all forecasts,Neutral,Consumer Goods
Government subsidy program gives a lift to the agriculture sector,Negative,Finance
,,Technology
Dow Jones plunges as market fears recession,Negative,Energy
"Global trade talks collapse, causing market turmoil",Positive,Pharmaceuticals
,Positive,Materials
Nikkei 225 index benefits from a weaker yen,Negative,Construction
Semiconductor shortages weigh heavily on tech sector profits,Neutral,Materials
ASX 200 gains on strong export performance,Negative,Consumer Goods
Crude oil prices drop to a multi-year low,Negative,Materials
Central Bank's dovish tone hints at future rate cuts,Positive,Materials
E-commerce earnings report beats all analyst expectations,Neutral,Utilities
Consumer Discretionary stocks outperform as spending increases,Neutral,Telecommunications
ASX 200 gains on strong export performance,Negative,Automotive
Utilities sector remains stable during market fluctuations,Negative,Real Estate
Automotive industry faces headwinds from rising material costs,Neutral,Consumer Goods
,Neutral,Materials
Major oil spill sends energy stocks plummeting,Positive,Retail
Central Bank's dovish tone hints at future rate cuts,Neutral,Materials
Gold prices surge as investors flee riskier assets,Negative,Energy
E-commerce earnings report beats all analyst expectations,Neutral,Finance
Real Estate sector shows signs of overheating as interest rates fall,Negative,Technology
Media and Entertainment companies report a surge in streaming revenue,Negative,Finance
Unexpected rise in unemployment fuels market pessimism,Negative,Construction
Central bank maintains status quo on interest rates,Negative,Transportation
A massive data breach sends a tech company's stock tumbling,Neutral,Media & Entertainment
Consumer confidence index reaches a decade high,Negative,Pharmaceuticals
Dow Jones plunges as market fears recession,Positive,Technology
UK's FTSE 100 sees a boost from favorable trade data,,Industrials
Aerospace and Defense sector sees rally amid geopolitical tensions,Negative,Energy
Central Bank Governor signals potential shift in policy,Neutral,Industrials
A massive data breach sends a tech company's stock tumbling,Positive,Consumer Goods
Market braces for a major policy announcement from the EU,Negative,Utilities
Automotive industry faces headwinds from rising material costs,Neutral,Construction
Dow Jones plunges as market fears recession,Positive,Automotive
"Global trade talks collapse, causing market turmoil",Negative,Transportation
Quarterly report shows surprising losses for retail giants,Negative,Technology
Nikkei 225 index benefits from a weaker yen,Positive,Utilities
Consumer confidence index reaches a decade high,Positive,Pharmaceuticals
Pharmaceutical company's drug approval drives stock upward,Negative,Industrials
Semiconductor shortages weigh heavily on tech sector profits,Positive,Utilities
Central Bank Governor signals potential shift in policy,Negative,Industrials
Healthcare stocks gain on robust demand and strong outlook,Negative,Pharmaceuticals
Market sentiment turns positive on vaccine trial results,Negative,Real Estate
,Negative,Transportation
Consumer confidence index reaches a decade high,Negative,Automotive
A massive data breach sends a tech company's stock tumbling,Negative,Telecommunications
Utilities sector remains stable during market fluctuations,,Retail
E-commerce earnings report beats all analyst expectations,Negative,Construction
Utilities sector remains stable during market fluctuations,Neutral,Healthcare
Dow Jones plunges as market fears recession,Neutral,Telecommunications
Nikkei 225 index benefits from a weaker yen,Positive,Agriculture
Unexpected rise in unemployment fuels market pessimism,,Real Estate
Central bank maintains status quo on interest rates,Neutral,Consumer Goods
New IPO for a popular software firm is oversubscribed,Neutral,Media & Entertainment
Major technology firm acquires a smaller rival in a multi-billion dollar deal,Positive,Industrials
Consumer Discretionary stocks outperform as spending increases,Positive,Energy
UK's FTSE 100 sees a boost from favorable trade data,Neutral,Automotive
New regulations on cryptocurrencies cause a market dip,Positive,Utilities
Market braces for a major policy announcement from the EU,Neutral,Transportation
Consumer confidence index reaches a decade high,Positive,Finance
Nikkei 225 index benefits from a weaker yen,,Automotive
Media and Entertainment companies report a surge in streaming revenue,Negative,Finance
Banking stocks dip after a major scandal is revealed,Negative,Materials
Government spending bill is expected to stimulate the economy,Positive,Healthcare
Media and Entertainment companies report a surge in streaming revenue,Neutral,Construction
Mining company stock surges on commodity price boom,,Retail
Semiconductor shortages weigh heavily on tech sector profits,Negative,Transportation
Pharmaceutical company's drug approval drives stock upward,Positive,Consumer Goods
E-commerce earnings report beats all analyst expectations,Neutral,Real Estate
Consumer Discretionary stocks outperform as spending increases,Positive,Agriculture
Media and Entertainment companies report a surge in streaming revenue,Positive,Media & Entertainment
Real Estate sector shows signs of overheating as interest rates fall,Neutral,Agriculture
Banking stocks dip after a major scandal is revealed,Negative,Consumer Goods
Government subsidy program gives a lift to the agriculture sector,Neutral,Aerospace & Defense
Financial sector bracing for new capital requirements,Negative,Pharmaceuticals
Tech Giant's New Product Launch Sparks Sector-Wide Gains,Negative,Construction
Automotive industry faces headwinds from rising material costs,Positive,Telecommunications
Consumer confidence index reaches a decade high,Negative,Telecommunications
New IPO for a popular software firm is oversubscribed,Neutral,Consumer Goods
Crude oil prices drop to a multi-year low,Negative,Industrials
Crude oil prices drop to a multi-year low,Positive,Industrials
Aerospace and Defense sector sees rally amid geopolitical tensions,Neutral,Utilities
Manufacturing PMI data signals economic expansion,,Finance
Automotive industry faces headwinds from rising material costs,Positive,Energy
,Positive,Real Estate
Semiconductor shortages weigh heavily on tech sector profits,Positive,Agriculture
,Positive,Agriculture
Banking stocks dip after a major scandal is revealed,Neutral,Automotive
New housing data release shows a slowdown in market activity,Positive,Real Estate
Geopolitical ceasefire prompts a broad market recovery,Positive,Media & Entertainment
,Neutral,Telecommunications
Real Estate sector shows signs of overheating as interest rates fall,Negative,Real Estate
,Neutral,Retail
Major technology firm acquires a smaller rival in a multi-billion dollar deal,Negative,Finance
Semiconductor shortages weigh heavily on tech sector profits,Negative,Construction
"Global trade talks collapse, causing market turmoil",Neutral,Consumer Goods
Major oil spill sends energy stocks plummeting,Neutral,Retail
Healthcare stocks gain on robust demand and strong outlook,Positive,Industrials
E-commerce earnings report beats all analyst expectations,Positive,Media & Entertainment
UK's FTSE 100 sees a boost from favorable trade data,Positive,Industrials
Major oil spill sends energy stocks plummeting,Positive,Utilities
Consumer Discretionary stocks outperform as spending increases,Positive,Industrials
Healthcare stocks gain on robust demand and strong outlook,Positive,Media & Entertainment
Supply chain issues impact manufacturing sector earnings,Neutral,Retail
Financial services stocks rally on strong profit margins,Positive,Finance
Major oil spill sends energy stocks plummeting,Neutral,Real Estate
New IPO for a popular software firm is oversubscribed,Positive,Finance
Mining company stock surges on commodity price boom,Neutral,Transportation
Major technology firm acquires a smaller rival in a multi-billion dollar deal,Positive,Energy
A massive data breach sends a tech company's stock tumbling,Negative,Automotive
Major oil spill sends energy stocks plummeting,Positive,Utilities
A massive data breach sends a tech company's stock tumbling,Negative,Real Estate
Gold prices surge as investors flee riskier assets,Positive,Real Estate
Crude oil prices drop to a multi-year low,Neutral,Materials
Consumer Discretionary stocks outperform as spending increases,Positive,Finance
Geopolitical ceasefire prompts a broad market recovery,Negative,Telecommunications
ASX 200 gains on strong export performance,Positive,Finance
New housing data release shows a slowdown in market activity,Positive,Consumer Goods
,Positive,Energy
Dow Jones plunges as market fears recession,Positive,Pharmaceuticals
,Positive,Consumer Goods
Tech Giant's New Product Launch Sparks Sector-Wide Gains,Neutral,Agriculture
Gold prices surge as investors flee riskier assets,Positive,Telecommunications
Crude oil prices drop to a multi-year low,Neutral,Aerospace & Defense
Central bank maintains status quo on interest rates,Neutral,Automotive
Government subsidy program gives a lift to the agriculture sector,Neutral,Technology
ASX 200 gains on strong export performance,Neutral,Materials
New housing data release shows a slowdown in market activity,Positive,Construction
Government subsidy program gives a lift to the agriculture sector,Negative,Agriculture
Media and Entertainment companies report a surge in streaming revenue,Negative,Consumer Goods
Central Bank Governor signals potential shift in policy,Neutral,Materials
Massive stock buyback program announced by a consumer goods company,Neutral,Agriculture
Retail sales report surpasses all forecasts,Positive,Real Estate
Real Estate sector shows signs of overheating as interest rates fall,,Pharmaceuticals
Central Bank's dovish tone hints at future rate cuts,Positive,Media & Entertainment
ASX 200 gains on strong export performance,Positive,Finance
Healthcare stocks gain on robust demand and strong outlook,Positive,Utilities
,Positive,Aerospace & Defense
Consumer Discretionary stocks outperform as spending increases,Neutral,Real Estate
Government spending bill is expected to stimulate the economy,Negative,Automotive
Government spending bill is expected to stimulate the economy,Neutral,Media & Entertainment
New IPO for a popular software firm is oversubscribed,Neutral,Retail
Automotive industry faces headwinds from rising material costs,Neutral,Healthcare
Central Bank Governor signals potential shift in policy,Negative,Consumer Goods
Government subsidy program gives a lift to the agriculture sector,Positive,Real Estate
Semiconductor shortages weigh heavily on tech sector profits,Neutral,Pharmaceuticals
Merger talks between two banks fall through,Positive,Industrials
ASX 200 gains on strong export performance,Negative,Agriculture
,Neutral,Pharmaceuticals
Major technology firm acquires a smaller rival in a multi-billion dollar deal,Neutral,Industrials
Massive stock buyback program announced by a consumer goods company,Neutral,Retail
Crude oil prices drop to a multi-year low,Positive,Pharmaceuticals
E-commerce earnings report beats all analyst expectations,Positive,Automotive
Manufacturing PMI data signals economic expansion,Neutral,Pharmaceuticals
Federal Reserve Chairman's speech causes market volatility,Negative,Utilities
E-commerce earnings report beats all analyst expectations,Neutral,Automotive
Government subsidy program gives a lift to the agriculture sector,Neutral,Agriculture
Financial sector bracing for new capital requirements,Positive,Consumer Goods
Semiconductor shortages weigh heavily on tech sector profits,Negative,Consumer Goods
Market sentiment turns positive on vaccine trial results,Negative,Energy
Crude oil prices drop to a multi-year low,Negative,Technology
Market sentiment turns positive on vaccine trial results,Negative,Automotive
New housing data release shows a slowdown in market activity,Neutral,Finance
Utilities sector remains stable during market fluctuations,Neutral,Construction
Real Estate sector shows signs of overheating as interest rates fall,Negative,Telecommunications
Central bank maintains status quo on interest rates,Neutral,Real Estate
New IPO for a popular software firm is oversubscribed,Negative,Automotive
Government spending bill is expected to stimulate the economy,Neutral,Materials
Media and Entertainment companies report a surge in streaming revenue,Neutral,Retail
Major technology firm acquires a smaller rival in a multi-billion dollar deal,Neutral,Media & Entertainment
Merger talks between two banks fall through,Positive,Media & Entertainment
Dow Jones plunges as market fears recession,Neutral,Transportation
Utilities sector remains stable during market fluctuations,Neutral,Automotive
Market braces for a major policy announcement from the EU,Neutral,Finance
Geopolitical ceasefire prompts a broad market recovery,Positive,Automotive
Consumer confidence index reaches a decade high,Positive,Pharmaceuticals
Nikkei 225 index benefits from a weaker yen,Negative,Pharmaceuticals
Retail sales report surpasses all forecasts,Negative,Transportation
Geopolitical ceasefire prompts a broad market recovery,Positive,Healthcare
China's Shanghai Composite falls after new trade restrictions,Positive,Automotive
UK's FTSE 100 sees a boost from favorable trade data,Negative,Transportation
Energy company's dividend hike excites shareholders,Negative,Pharmaceuticals
Banking stocks dip after a major scandal is revealed,Positive,Pharmaceuticals
A massive data breach sends a tech company's stock tumbling,Negative,Healthcare
Utilities sector remains stable during market fluctuations,Positive,Finance
Central Bank's dovish tone hints at future rate cuts,Negative,Real Estate
Nikkei 225 index benefits from a weaker yen,Negative,Energy
Automotive industry faces headwinds from rising material costs,Neutral,Pharmaceuticals
Tech Giant's New Product Launch Sparks Sector-Wide Gains,Neutral,Finance
Real Estate sector shows signs of overheating as interest rates fall,Neutral,Industrials
Financial sector bracing for new capital requirements,Positive,Transportation
Dow Jones plunges as market fears recession,Negative,Media & Entertainment
,Negative,Consumer Goods
Manufacturing PMI data signals economic expansion,Negative,Telecommunications
Major oil spill sends energy stocks plummeting,Positive,Agriculture
Healthcare stocks gain on robust demand and strong outlook,Neutral,Utilities
Manufacturing PMI data signals economic expansion,Neutral,Construction
Merger talks between two banks fall through,Negative,Technology
Federal Reserve Chairman's speech causes market volatility,Negative,Media & Entertainment
Semiconductor shortages weigh heavily on tech sector profits,Positive,Aerospace & Defense
Geopolitical ceasefire prompts a broad market recovery,Positive,Healthcare
Consumer confidence index reaches a decade high,Positive,Energy
Geopolitical ceasefire prompts a broad market recovery,Negative,Energy
Semiconductor shortages weigh heavily on tech sector profits,Negative,Transportation
Media and Entertainment companies report a surge in streaming revenue,Negative,Transportation
Tech Giant's New Product Launch Sparks Sector-Wide Gains,Positive,Transportation
New housing data release shows a slowdown in market activity,Negative,Energy
,Negative,Media & Entertainment
Market sentiment turns positive on vaccine trial results,Neutral,Aerospace & Defense
Mining company stock surges on commodity price boom,Positive,Materials
Central Bank Governor signals potential shift in policy,Neutral,Construction
UK's FTSE 100 sees a boost from favorable trade data,Positive,Industrials
A massive data breach sends a tech company's stock tumbling,Positive,Construction
Consumer confidence index reaches a decade high,Positive,Agriculture
Real Estate sector shows signs of overheating as interest rates fall,Positive,Telecommunications
Government spending bill is expected to stimulate the economy,Neutral,Retail
Pharmaceutical company's drug approval drives stock upward,Negative,Pharmaceuticals
Energy company's dividend hike excites shareholders,Neutral,Construction
Bond yields tumble as investors seek safe havens,Neutral,Industrials
Healthcare stocks gain on robust demand and strong outlook,Positive,Transportation
Aerospace and Defense sector sees rally amid geopolitical tensions,Neutral,Pharmaceuticals
Gold prices surge as investors flee riskier assets,Negative,Utilities
New housing data release shows a slowdown in market activity,Negative,Healthcare
Central Bank Governor signals potential shift in policy,Neutral,Construction
Media and Entertainment companies report a surge in streaming revenue,Negative,Retail
Retail sales report surpasses all forecasts,Negative,Transportation
Banking stocks dip after a major scandal is revealed,Negative,Healthcare
Dow Jones plunges as market fears recession,Neutral,Consumer Goods
Nikkei 225 index benefits from a weaker yen,Neutral,Aerospace & Defense
,Neutral,Pharmaceuticals
New housing data release shows a slowdown in market activity,Negative,Finance
Quarterly report shows surprising losses for retail giants,Positive,Telecommunications
,Positive,Transportation
Real Estate sector shows signs of overheating as interest rates fall,Neutral,Agriculture
Central Bank Governor signals potential shift in policy,Negative,Industrials
,Negative,Technology
Automotive industry faces headwinds from rising material costs,Positive,Agriculture
Government policy shift boosts renewable energy sector,Neutral,Automotive
Mining company stock surges on commodity price boom,Negative,Consumer Goods
Record-high inflation data rattles investors,Negative,Construction
Massive stock buyback program announced by a consumer goods company,Negative,Pharmaceuticals
Pharmaceutical company's drug approval drives stock upward,Negative,Pharmaceuticals
Pharmaceutical company's drug approval drives stock upward,Positive,Construction
Government policy shift boosts renewable energy sector,Negative,Pharmaceuticals
Healthcare stocks gain on robust demand and strong outlook,Positive,Retail
Consumer Discretionary stocks outperform as spending increases,Positive,Utilities
Financial services stocks rally on strong profit margins,Neutral,Healthcare
UK's FTSE 100 sees a boost from favorable trade data,Neutral,Utilities
Government spending bill is expected to stimulate the economy,Negative,Aerospace & Defense
Market sentiment turns positive on vaccine trial results,Positive,Aerospace & Defense
Dow Jones plunges as market fears recession,Positive,Transportation
Record-high inflation data rattles investors,Positive,Energy
Federal Reserve Chairman's speech causes market volatility,Neutral,Energy
Government policy shift boosts renewable energy sector,Neutral,Energy
Crude oil prices drop to a multi-year low,Neutral,Energy
E-commerce earnings report beats all analyst expectations,Positive,Energy
Financial sector bracing for new capital requirements,Neutral,Industrials
Major technology firm acquires a smaller rival in a multi-billion dollar deal,Neutral,Pharmaceuticals
Bond yields tumble as investors seek safe havens,Neutral,Consumer Goods
Major oil spill sends energy stocks plummeting,Negative,Consumer Goods
Merger talks between two banks fall through,Negative,Materials
Gold prices surge as investors flee riskier assets,Negative,Automotive
Major technology firm acquires a smaller rival in a multi-billion dollar deal,Negative,Construction
Crude oil prices drop to a multi-year low,Positive,Energy
Retail sales report surpasses all forecasts,Positive,Industrials
Consumer confidence index reaches a decade high,Positive,Media & Entertainment
Major technology firm acquires a smaller rival in a multi-billion dollar deal,Neutral,Automotive
New regulations on cryptocurrencies cause a market dip,Positive,Technology
Geopolitical ceasefire prompts a broad market recovery,Positive,Media & Entertainment
Automotive industry faces headwinds from rising material costs,Neutral,Utilities
New housing data release shows a slowdown in market activity,Neutral,Retail
Market braces for a major policy announcement from the EU,Neutral,Aerospace & Defense
New IPO for a popular software firm is oversubscribed,Neutral,Media & Entertainment
Central Bank's dovish tone hints at future rate cuts,Positive,Construction
E-commerce earnings report beats all analyst expectations,Negative,Automotive
Energy company's dividend hike excites shareholders,Negative,Transportation
Nikkei 225 index benefits from a weaker yen,Negative,Retail
Merger talks between two banks fall through,Negative,Aerospace & Defense
A massive data breach sends a tech company's stock tumbling,Positive,Finance
Nikkei 225 index benefits from a weaker yen,Neutral,Real Estate
Central Bank's dovish tone hints at future rate cuts,Positive,Media & Entertainment
Mining company stock surges on commodity price boom,Positive,Technology
Federal Reserve Chairman's speech causes market volatility,Positive,Energy
E-commerce earnings report beats all analyst expectations,Positive,Real Estate
Central bank maintains status quo on interest rates,Positive,Automotive
Automotive industry faces headwinds from rising material costs,Neutral,Agriculture
Tech Giant's New Product Launch Sparks Sector-Wide Gains,,Automotive
Government spending bill is expected to stimulate the economy,Neutral,Consumer Goods
Supply chain issues impact manufacturing sector earnings,Positive,Aerospace & Defense
Consumer confidence index reaches a decade high,Positive,Technology
Massive stock buyback program announced by a consumer goods company,Negative,Retail
Tech Giant's New Product Launch Sparks Sector-Wide Gains,Positive,Transportation
Pharmaceutical company's drug approval drives stock upward,Positive,Transportation
Semiconductor shortages weigh heavily on tech sector profits,Neutral,Technology
Central bank maintains status quo on interest rates,Positive,Media & Entertainment
UK's FTSE 100 sees a boost from favorable trade data,Positive,Energy
New IPO for a popular software firm is oversubscribed,Neutral,Construction
Banking stocks dip after a major scandal is revealed,Neutral,Technology
Energy company's dividend hike excites shareholders,Neutral,Industrials
Automotive industry faces headwinds from rising material costs,Positive,Industrials
Utilities sector remains stable during market fluctuations,Positive,Healthcare
New IPO for a popular software firm is oversubscribed,Positive,Technology
ASX 200 gains on strong export performance,Positive,Telecommunications
Financial services stocks rally on strong profit margins,Negative,Automotive
Pharmaceutical company's drug approval drives stock upward,Positive,Agriculture
ASX 200 gains on strong export performance,Positive,Materials
Healthcare stocks gain on robust demand and strong outlook,Neutral,Automotive
,,Industrials
Aerospace and Defense sector sees rally amid geopolitical tensions,Positive,Utilities
Major technology firm acquires a smaller rival in a multi-billion dollar deal,Positive,Technology
Automotive industry faces headwinds from rising material costs,Positive,Consumer Goods
Central Bank Governor signals potential shift in policy,Positive,Pharmaceuticals
Semiconductor shortages weigh heavily on tech sector profits,Neutral,Automotive
Pharmaceutical company's drug approval drives stock upward,,Industrials
Retail sales report surpasses all forecasts,Neutral,Technology
Supply chain issues impact manufacturing sector earnings,Positive,Aerospace & Defense
Supply chain issues impact manufacturing sector earnings,Positive,Transportation
Tech Giant's New Product Launch Sparks Sector-Wide Gains,Negative,Consumer Goods
Quarterly report shows surprising losses for retail giants,Neutral,Energy
Consumer Discretionary stocks outperform as spending increases,Positive,Agriculture
Consumer confidence index reaches a decade high,Positive,Construction
,Positive,Real Estate
Banking stocks dip after a major scandal is revealed,Negative,Consumer Goods
Energy company's dividend hike excites shareholders,Neutral,Finance
Consumer Discretionary stocks outperform as spending increases,Positive,Healthcare
Market braces for a major policy announcement from the EU,Negative,Healthcare
Geopolitical ceasefire prompts a broad market recovery,Neutral,Aerospace & Defense
Pharmaceutical company's drug approval drives stock upward,Positive,Technology
Government policy shift boosts renewable energy sector,,Utilities
Market sentiment turns positive on vaccine trial results,Neutral,Healthcare
Pharmaceutical company's drug approval drives stock upward,Negative,Healthcare
Market braces for a major policy announcement from the EU,Positive,Aerospace & Defense
Consumer confidence index reaches a decade high,Positive,Materials
E-commerce earnings report beats all analyst expectations,,Aerospace & Defense
Unexpected rise in unemployment fuels market pessimism,Neutral,Transportation
Gold prices surge as investors flee riskier assets,Negative,Industrials
A massive data breach sends a tech company's stock tumbling,Neutral,Media & Entertainment
"Global trade talks collapse, causing market turmoil",Positive,Construction
ASX 200 gains on strong export performance,Negative,Industrials
Central bank maintains status quo on interest rates,Negative,Automotive
Major oil spill sends energy stocks plummeting,Neutral,Transportation
Media and Entertainment companies report a surge in streaming revenue,Positive,Transportation
Real Estate sector shows signs of overheating as interest rates fall,Positive,Aerospace & Defense
New regulations on cryptocurrencies cause a market dip,Negative,Transportation
Financial sector bracing for new capital requirements,Neutral,Finance
Semiconductor shortages weigh heavily on tech sector profits,Negative,Consumer Goods
Energy company's dividend hike excites shareholders,Neutral,Consumer Goods
Nikkei 225 index benefits from a weaker yen,Neutral,Finance
Retail sales report surpasses all forecasts,Negative,Real Estate
New regulations on cryptocurrencies cause a market dip,Negative,Agriculture
Dow Jones plunges as market fears recession,Neutral,Technology
Manufacturing PMI data signals economic expansion,Neutral,Construction
Consumer Discretionary stocks outperform as spending increases,Positive,Agriculture
Banking stocks dip after a major scandal is revealed,Negative,Finance
Geopolitical ceasefire prompts a broad market recovery,Positive,Agriculture
Central Bank Governor signals potential shift in policy,Positive,Industrials
Crude oil prices drop to a multi-year low,Negative,Pharmaceuticals
Aerospace and Defense sector sees rally amid geopolitical tensions,Negative,Real Estate
New housing data release shows a slowdown in market activity,Neutral,Pharmaceuticals
China's Shanghai Composite falls after new trade restrictions,Neutral,Utilities
Crude oil prices drop to a multi-year low,Positive,Technology
Utilities sector remains stable during market fluctuations,Negative,Transportation
Government subsidy program gives a lift to the agriculture sector,Neutral,Energy
Government subsidy program gives a lift to the agriculture sector,Positive,Real Estate
Dow Jones plunges as market fears recession,Neutral,Aerospace & Defense
Nikkei 225 index benefits from a weaker yen,Positive,Pharmaceuticals
ASX 200 gains on strong export performance,Negative,Energy
Government policy shift boosts renewable energy sector,Negative,Automotive
ASX 200 gains on strong export performance,Positive,Agriculture
Unexpected rise in unemployment fuels market pessimism,Positive,Automotive
Healthcare stocks gain on robust demand and strong outlook,Negative,Utilities
Utilities sector remains stable during market fluctuations,Neutral,Technology
Merger talks between two banks fall through,Positive,Industrials
Consumer Discretionary stocks outperform as spending increases,Positive,Energy
Geopolitical ceasefire prompts a broad market recovery,Positive,Materials
,Neutral,Materials
Tech Giant's New Product Launch Sparks Sector-Wide Gains,Negative,Finance
Real Estate sector shows signs of overheating as interest rates fall,Positive,Pharmaceuticals
Major oil spill sends energy stocks plummeting,Positive,Utilities
Major oil spill sends energy stocks plummeting,Negative,Construction
Massive stock buyback program announced by a consumer goods company,Positive,Automotive
,Negative,Materials
E-commerce earnings report beats all analyst expectations,Positive,Healthcare
Central Bank's dovish tone hints at future rate cuts,Negative,Retail
Media and Entertainment companies report a surge in streaming revenue,Neutral,Consumer Goods
Market braces for a major policy announcement from the EU,Positive,Automotive
,Positive,Real Estate
Mining company stock surges on commodity price boom,Neutral,Energy
Gold prices surge as investors flee riskier assets,Negative,Consumer Goods
Central bank maintains status quo on interest rates,Negative,Media & Entertainment
Central Bank's dovish tone hints at future rate cuts,Positive,Materials
Manufacturing PMI data signals economic expansion,Positive,Consumer Goods
Tech Giant's New Product Launch Sparks Sector-Wide Gains,Neutral,Healthcare
China's Shanghai Composite falls after new trade restrictions,Positive,Telecommunications
Retail sales report surpasses all forecasts,Negative,Real Estate
ASX 200 gains on strong export performance,Negative,Automotive
Central Bank's dovish tone hints at future rate cuts,Neutral,Telecommunications
Financial services stocks rally on strong profit margins,Negative,Construction
China's Shanghai Composite falls after new trade restrictions,Negative,Technology
Unexpected rise in unemployment fuels market pessimism,Neutral,Retail
Federal Reserve Chairman's speech causes market volatility,Neutral,Real Estate
New IPO for a popular software firm is oversubscribed,Neutral,Industrials
Mining company stock surges on commodity price boom,Neutral,Finance
ASX 200 gains on strong export performance,Negative,Telecommunications
New regulations on cryptocurrencies cause a market dip,Positive,Transportation
Manufacturing PMI data signals economic expansion,Neutral,Utilities
China's Shanghai Composite falls after new trade restrictions,Negative,Healthcare
Financial services stocks rally on strong profit margins,Negative,Pharmaceuticals
Aerospace and Defense sector sees rally amid geopolitical tensions,Neutral,Real Estate
Crude oil prices drop to a multi-year low,Positive,Telecommunications
Semiconductor shortages weigh heavily on tech sector profits,Neutral,Media & Entertainment
Mining company stock surges on commodity price boom,,Industrials
Consumer confidence index reaches a decade high,Positive,Aerospace & Defense
Financial services stocks rally on strong profit margins,Positive,Materials
Central bank maintains status quo on interest rates,Positive,Healthcare
Consumer Discretionary stocks outperform as spending increases,Positive,Finance
Crude oil prices drop to a multi-year low,Negative,Utilities
Merger talks between two banks fall through,Negative,Technology
Bond yields tumble as investors seek safe havens,Negative,Construction
Geopolitical ceasefire prompts a broad market recovery,Neutral,Agriculture
Central Bank's dovish tone hints at future rate cuts,Neutral,Finance
ASX 200 gains on strong export performance,Negative,Industrials
Financial sector bracing for new capital requirements,Negative,Agriculture
Central bank maintains status quo on interest rates,Positive,Consumer Goods
Market braces for a major policy announcement from the EU,Positive,Retail
Government subsidy program gives a lift to the agriculture sector,Positive,Media & Entertainment
Utilities sector remains stable during market fluctuations,Positive,Telecommunications
,Negative,Utilities
ASX 200 gains on strong export performance,Positive,Telecommunications
Aerospace and Defense sector sees rally amid geopolitical tensions,Neutral,Pharmaceuticals
Retail sales report surpasses all forecasts,Negative,Finance
Consumer Discretionary stocks outperform as spending increases,Neutral,Energy
"Global trade talks collapse, causing market turmoil",Negative,Pharmaceuticals
Bond yields tumble as investors seek safe havens,Negative,Finance
Government spending bill is expected to stimulate the economy,Neutral,Healthcare
Government spending bill is expected to stimulate the economy,Neutral,Utilities
Unexpected rise in unemployment fuels market pessimism,Neutral,Telecommunications
Mining company stock surges on commodity price boom,Positive,Telecommunications
Dow Jones plunges as market fears recession,Negative,Energy
Energy company's dividend hike excites shareholders,Neutral,Technology
Pharmaceutical company's drug approval drives stock upward,Negative,Media & Entertainment
Financial sector bracing for new capital requirements,Negative,Healthcare
Utilities sector remains stable during market fluctuations,Positive,Automotive
Central Bank Governor signals potential shift in policy,,Automotive
China's Shanghai Composite falls after new trade restrictions,Neutral,Finance
Supply chain issues impact manufacturing sector earnings,Negative,Finance
China's Shanghai Composite falls after new trade restrictions,Negative,Telecommunications
Government subsidy program gives a lift to the agriculture sector,Positive,Materials
Automotive industry faces headwinds from rising material costs,,Energy
,Negative,Aerospace & Defense
Dow Jones plunges as market fears recession,Neutral,Finance
Utilities sector remains stable during market fluctuations,Positive,Agriculture
New regulations on cryptocurrencies cause a market dip,Positive,Energy
Major oil spill sends energy stocks plummeting,Negative,Retail
Manufacturing PMI data signals economic expansion,Neutral,Telecommunications
ASX 200 gains on strong export performance,Positive,Industrials
Consumer confidence index reaches a decade high,Neutral,Healthcare
"Global trade talks collapse, causing market turmoil",Positive,Technology
Consumer confidence index reaches a decade high,Positive,Agriculture
ASX 200 gains on strong export performance,Positive,Pharmaceuticals
Merger talks between two banks fall through,Positive,Automotive
Manufacturing PMI data signals economic expansion,Positive,Materials
Bond yields tumble as investors seek safe havens,Neutral,Real Estate
"Global trade talks collapse, causing market turmoil",Positive,Utilities
,Neutral,Media & Entertainment
Bond yields tumble as investors seek safe havens,Negative,Telecommunications
Energy company's dividend hike excites shareholders,Positive,Technology
Government subsidy program gives a lift to the agriculture sector,Negative,Energy
Unexpected rise in unemployment fuels market pessimism,Neutral,Construction
Government policy shift boosts renewable energy sector,Neutral,Telecommunications
,Negative,Pharmaceuticals
Major technology firm acquires a smaller rival in a multi-billion dollar deal,Negative,Consumer Goods
Consumer Discretionary stocks outperform as spending increases,Neutral,Healthcare
Unexpected rise in unemployment fuels market pessimism,Positive,Pharmaceuticals
"Global trade talks collapse, causing market turmoil",Negative,Utilities
Major technology firm acquires a smaller rival in a multi-billion dollar deal,Neutral,Aerospace & Defense
,Negative,Real Estate
Central Bank Governor signals potential shift in policy,,Healthcare
Geopolitical ceasefire prompts a broad market recovery,Positive,Media & Entertainment
,Neutral,Aerospace & Defense
Geopolitical ceasefire prompts a broad market recovery,Positive,Materials
Market braces for a major policy announcement from the EU,Positive,Healthcare
Market braces for a major policy announcement from the EU,Neutral,Industrials
Government policy shift boosts renewable energy sector,Neutral,Retail
Utilities sector remains stable during market fluctuations,Neutral,Real Estate
Quarterly report shows surprising losses for retail giants,Negative,Construction
UK's FTSE 100 sees a boost from favorable trade data,Neutral,Materials
Energy company's dividend hike excites shareholders,Negative,Technology
China's Shanghai Composite falls after new trade restrictions,Positive,Pharmaceuticals
Dow Jones plunges as market fears recession,Negative,Industrials
Utilities sector remains stable during market fluctuations,Negative,Materials
New IPO for a popular software firm is oversubscribed,Positive,Automotive
Utilities sector remains stable during market fluctuations,Neutral,Pharmaceuticals
Gold prices surge as investors flee riskier assets,Neutral,Media & Entertainment
UK's FTSE 100 sees a boost from favorable trade data,Neutral,Materials
Record-high inflation data rattles investors,Positive,Telecommunications
,Positive,Real Estate
Mining company stock surges on commodity price boom,,Retail
Banking stocks dip after a major scandal is revealed,Neutral,Energy
Utilities sector remains stable during market fluctuations,Negative,Finance
Government spending bill is expected to stimulate the economy,Positive,Aerospace & Defense
New housing data release shows a slowdown in market activity,Positive,Utilities
ASX 200 gains on strong export performance,Positive,Telecommunications
Financial sector bracing for new capital requirements,Positive,Agriculture
E-commerce earnings report beats all analyst expectations,Negative,Transportation
Major technology firm acquires a smaller rival in a multi-billion dollar deal,Positive,Technology
Dow Jones plunges as market fears recession,Negative,Pharmaceuticals
Crude oil prices drop to a multi-year low,Negative,Materials
Dow Jones plunges as market fears recession,Negative,Automotive
Real Estate sector shows signs of overheating as interest rates fall,Positive,Agriculture
Aerospace and Defense sector sees rally amid geopolitical tensions,Neutral,Real Estate
Bond yields tumble as investors seek safe havens,Positive,Construction
Government subsidy program gives a lift to the agriculture sector,Negative,Finance
Manufacturing PMI data signals economic expansion,Negative,Energy
"Global trade talks collapse, causing market turmoil",Negative,Automotive
,Positive,Automotive
New IPO for a popular software firm is oversubscribed,Positive,Agriculture
Government spending bill is expected to stimulate the economy,,Media & Entertainment
Retail sales report surpasses all forecasts,Positive,Construction
E-commerce earnings report beats all analyst expectations,Positive,Construction
Automotive industry faces headwinds from rising material costs,Negative,Real Estate
Federal Reserve Chairman's speech causes market volatility,,Materials
Central Bank's dovish tone hints at future rate cuts,Positive,Agriculture
A massive data breach sends a tech company's stock tumbling,Positive,Transportation
Pharmaceutical company's drug approval drives stock upward,Negative,Agriculture
Nikkei 225 index benefits from a weaker yen,Neutral,Real Estate
Major oil spill sends energy stocks plummeting,Neutral,Healthcare
Supply chain issues impact manufacturing sector earnings,Negative,Real Estate
Mining company stock surges on commodity price boom,Negative,Aerospace & Defense
Major oil spill sends energy stocks plummeting,Negative,Materials
Gold prices surge as investors flee riskier assets,Positive,Technology
Tech Giant's New Product Launch Sparks Sector-Wide Gains,Neutral,Retail
Consumer Discretionary stocks outperform as spending increases,Neutral,Construction
Consumer Discretionary stocks outperform as spending increases,Neutral,Industrials
Central Bank's dovish tone hints at future rate cuts,Positive,Industrials
Gold prices surge as investors flee riskier assets,Neutral,Finance
Merger talks between two banks fall through,Negative,Pharmaceuticals
New regulations on cryptocurrencies cause a market dip,Negative,Utilities
Central Bank's dovish tone hints at future rate cuts,Neutral,Automotive
Supply chain issues impact manufacturing sector earnings,Neutral,Agriculture
Government subsidy program gives a lift to the agriculture sector,Negative,Automotive
Central Bank Governor signals potential shift in policy,Neutral,Agriculture
Market sentiment turns positive on vaccine trial results,,Technology
Real Estate sector shows signs of overheating as interest rates fall,,Agriculture
Pharmaceutical company's drug approval drives stock upward,Positive,Real Estate
Automotive industry faces headwinds from rising material costs,Negative,Materials
Mining company stock surges on commodity price boom,Neutral,Transportation
UK's FTSE 100 sees a boost from favorable trade data,Positive,Energy
Geopolitical ceasefire prompts a broad market recovery,Negative,Utilities
Crude oil prices drop to a multi-year low,Negative,Agriculture
New regulations on cryptocurrencies cause a market dip,Neutral,Consumer Goods
E-commerce earnings report beats all analyst expectations,Neutral,Pharmaceuticals
A massive data breach sends a tech company's stock tumbling,Positive,Consumer Goods
ASX 200 gains on strong export performance,Negative,Aerospace & Defense
Tech Giant's New Product Launch Sparks Sector-Wide Gains,Neutral,Media & Entertainment
New IPO for a popular software firm is oversubscribed,Positive,Retail
"Global trade talks collapse, causing market turmoil",Positive,Construction
,Neutral,Materials
,Neutral,Industrials
Merger talks between two banks fall through,Negative,Finance
,Neutral,Transportation
Government policy shift boosts renewable energy sector,Negative,Pharmaceuticals
Market braces for a major policy announcement from the EU,Neutral,Pharmaceuticals
Utilities sector remains stable during market fluctuations,Neutral,Technology
,Positive,Consumer Goods
Quarterly report shows surprising losses for retail giants,,Automotive
Government policy shift boosts renewable energy sector,Positive,Telecommunications
Financial sector bracing for new capital requirements,Negative,Retail
China's Shanghai Composite falls after new trade restrictions,Neutral,Pharmaceuticals
Automotive industry faces headwinds from rising material costs,Positive,Consumer Goods
Market sentiment turns positive on vaccine trial results,Neutral,Technology
,Neutral,Transportation
Real Estate sector shows signs of overheating as interest rates fall,Neutral,Technology
Retail sales report surpasses all forecasts,Positive,Retail
Gold prices surge as investors flee riskier assets,Negative,Construction
Government subsidy program gives a lift to the agriculture sector,Neutral,Consumer Goods
China's Shanghai Composite falls after new trade restrictions,Negative,Real Estate
Unexpected rise in unemployment fuels market pessimism,Positive,Construction
Federal Reserve Chairman's speech causes market volatility,Neutral,Utilities
A massive data breach sends a tech company's stock tumbling,Positive,Healthcare
UK's FTSE 100 sees a boost from favorable trade data,Neutral,Finance
New regulations on cryptocurrencies cause a market dip,Negative,Aerospace & Defense
Real Estate sector shows signs of overheating as interest rates fall,Positive,Healthcare
Banking stocks dip after a major scandal is revealed,Neutral,Pharmaceuticals
Unexpected rise in unemployment fuels market pessimism,Neutral,Construction
Supply chain issues impact manufacturing sector earnings,Positive,Industrials
New housing data release shows a slowdown in market activity,,Real Estate
ASX 200 gains on strong export performance,Neutral,Aerospace & Defense
Financial services stocks rally on strong profit margins,,Energy
Pharmaceutical company's drug approval drives stock upward,Neutral,Finance
,Neutral,Utilities
Utilities sector remains stable during market fluctuations,Neutral,Materials
Central bank maintains status quo on interest rates,Positive,Transportation
,Neutral,Technology
Media and Entertainment companies report a surge in streaming revenue,Negative,Real Estate
Government policy shift boosts renewable energy sector,Negative,Retail
Major oil spill sends energy stocks plummeting,,Industrials
Semiconductor shortages weigh heavily on tech sector profits,Neutral,Media & Entertainment
Energy company's dividend hike excites shareholders,Negative,Consumer Goods
China's Shanghai Composite falls after new trade restrictions,Positive,Retail
Gold prices surge as investors flee riskier assets,Neutral,Aerospace & Defense
Federal Reserve Chairman's speech causes market volatility,Negative,Energy
Automotive industry faces headwinds from rising material costs,,Aerospace & Defense
Major technology firm acquires a smaller rival in a multi-billion dollar deal,Neutral,Finance
Semiconductor shortages weigh heavily on tech sector profits,,Automotive
Healthcare stocks gain on robust demand and strong outlook,Neutral,Telecommunications
Quarterly report shows surprising losses for retail giants,Neutral,Energy
Automotive industry faces headwinds from rising material costs,Negative,Utilities
,Neutral,Finance
,Negative,Consumer Goods
Major oil spill sends energy stocks plummeting,Positive,Agriculture
Media and Entertainment companies report a surge in streaming revenue,Negative,Energy
Real Estate sector shows signs of overheating as interest rates fall,Negative,Finance
Government subsidy program gives a lift to the agriculture sector,Negative,Aerospace & Defense
Manufacturing PMI data signals economic expansion,Neutral,Technology
UK's FTSE 100 sees a boost from favorable trade data,Negative,Aerospace & Defense
,Positive,Materials
Government policy shift boosts renewable energy sector,,Aerospace & Defense
Mining company stock surges on commodity price boom,Neutral,Retail
Utilities sector remains stable during market fluctuations,Neutral,Telecommunications
Energy company's dividend hike excites shareholders,Neutral,Energy
Massive stock buyback program announced by a consumer goods company,Neutral,Industrials
Media and Entertainment companies report a surge in streaming revenue,,Energy
Central Bank Governor signals potential shift in policy,Negative,Telecommunications
Utilities sector remains stable during market fluctuations,Neutral,Consumer Goods
A massive data breach sends a tech company's stock tumbling,Positive,Materials
New housing data release shows a slowdown in market activity,Positive,Telecommunications
Gold prices surge as investors flee riskier assets,Negative,Materials
,Positive,Transportation
Media and Entertainment companies report a surge in streaming revenue,Negative,Industrials
Major technology firm acquires a smaller rival in a multi-billion dollar deal,Neutral,Automotive
Major oil spill sends energy stocks plummeting,Negative,Media & Entertainment
UK's FTSE 100 sees a boost from favorable trade data,,Agriculture
Central Bank's dovish tone hints at future rate cuts,,Retail
"Global trade talks collapse, causing market turmoil",Negative,Utilities
Banking stocks dip after a major scandal is revealed,Negative,Media & Entertainment
Manufacturing PMI data signals economic expansion,Positive,Construction
,Positive,Consumer Goods
Government policy shift boosts renewable energy sector,Positive,Utilities
Retail sales report surpasses all forecasts,Negative,Consumer Goods
Pharmaceutical company's drug approval drives stock upward,Neutral,Telecommunications
Market sentiment turns positive on vaccine trial results,Neutral,Real Estate
Government policy shift boosts renewable energy sector,Negative,Automotive
Bond yields tumble as investors seek safe havens,Positive,Telecommunications
"Global trade talks collapse, causing market turmoil",Negative,Media & Entertainment
Tech Giant's New Product Launch Sparks Sector-Wide Gains,Positive,Agriculture
Unexpected rise in unemployment fuels market pessimism,Neutral,Technology
Massive stock buyback program announced by a consumer goods company,Neutral,Materials
Utilities sector remains stable during market fluctuations,Positive,Telecommunications
Aerospace and Defense sector sees rally amid geopolitical tensions,,Utilities
Merger talks between two banks fall through,Neutral,Automotive
Record-high inflation data rattles investors,Negative,Retail
ASX 200 gains on strong export performance,Neutral,Materials
Consumer confidence index reaches a decade high,Positive,Media & Entertainment
Government subsidy program gives a lift to the agriculture sector,Positive,Technology
Consumer confidence index reaches a decade high,Positive,Finance
Bond yields tumble as investors seek safe havens,Positive,Real Estate
Record-high inflation data rattles investors,Neutral,Technology
Media and Entertainment companies report a surge in streaming revenue,Negative,Transportation
Government policy shift boosts renewable energy sector,Negative,Utilities
Utilities sector remains stable during market fluctuations,Positive,Construction
Semiconductor shortages weigh heavily on tech sector profits,Negative,Transportation
Consumer confidence index reaches a decade high,Positive,Transportation
Market sentiment turns positive on vaccine trial results,Positive,Pharmaceuticals
Central bank maintains status quo on interest rates,Neutral,Pharmaceuticals
Government spending bill is expected to stimulate the economy,,Technology
E-commerce earnings report beats all analyst expectations,Positive,Retail
Bond yields tumble as investors seek safe havens,Negative,Energy
Retail sales report surpasses all forecasts,Neutral,Transportation
Central Bank's dovish tone hints at future rate cuts,Negative,Retail
Banking stocks dip after a major scandal is revealed,Neutral,Transportation
Market braces for a major policy announcement from the EU,Positive,Technology
Crude oil prices drop to a multi-year low,Negative,Healthcare
Merger talks between two banks fall through,Negative,Automotive
ASX 200 gains on strong export performance,Neutral,Telecommunications
Financial sector bracing for new capital requirements,Neutral,Consumer Goods
Government subsidy program gives a lift to the agriculture sector,Positive,Technology
Government policy shift boosts renewable energy sector,Neutral,Healthcare
Real Estate sector shows signs of overheating as interest rates fall,Negative,Finance
Consumer Discretionary stocks outperform as spending increases,Negative,Retail
New housing data release shows a slowdown in market activity,Neutral,Finance
Healthcare stocks gain on robust demand and strong outlook,Negative,Retail
Semiconductor shortages weigh heavily on tech sector profits,Negative,Retail
,Positive,Energy
Retail sales report surpasses all forecasts,Neutral,Media & Entertainment
Major oil spill sends energy stocks plummeting,Positive,Agriculture
Record-high inflation data rattles investors,Negative,Retail
Geopolitical ceasefire prompts a broad market recovery,Negative,Aerospace & Defense
Central Bank's dovish tone hints at future rate cuts,Negative,Media & Entertainment
China's Shanghai Composite falls after new trade restrictions,Positive,Telecommunications
Record-high inflation data rattles investors,Positive,Pharmaceuticals
Unexpected rise in unemployment fuels market pessimism,Positive,Construction
Massive stock buyback program announced by a consumer goods company,Negative,Transportation
Major technology firm acquires a smaller rival in a multi-billion dollar deal,Positive,Technology
Central Bank's dovish tone hints at future rate cuts,Positive,Transportation
Government spending bill is expected to stimulate the economy,Negative,Agriculture
Bond yields tumble as investors seek safe havens,Positive,Energy
,Negative,Technology
ASX 200 gains on strong export performance,Negative,Aerospace & Defense
Government spending bill is expected to stimulate the economy,Negative,Pharmaceuticals
New regulations on cryptocurrencies cause a market dip,Positive,Agriculture
Quarterly report shows surprising losses for retail giants,Negative,Industrials
Manufacturing PMI data signals economic expansion,Negative,Technology
Government subsidy program gives a lift to the agriculture sector,Neutral,Agriculture
Quarterly report shows surprising losses for retail giants,Positive,Retail
Consumer Discretionary stocks outperform as spending increases,Negative,Transportation
Central bank maintains status quo on interest rates,Neutral,Consumer Goods
China's Shanghai Composite falls after new trade restrictions,Neutral,Energy
Merger talks between two banks fall through,Neutral,Healthcare
Dow Jones plunges as market fears recession,,Automotive
Government subsidy program gives a lift to the agriculture sector,Positive,Healthcare
Pharmaceutical company's drug approval drives stock upward,Negative,Media & Entertainment
Central Bank's dovish tone hints at future rate cuts,Negative,Technology
Utilities sector remains stable during market fluctuations,Neutral,Retail
Tech Giant's New Product Launch Sparks Sector-Wide Gains,Neutral,Telecommunications
,Positive,Materials
Media and Entertainment companies report a surge in streaming revenue,Neutral,Aerospace & Defense
Supply chain issues impact manufacturing sector earnings,Neutral,Healthcare
Financial services stocks rally on strong profit margins,Positive,Telecommunications
Major technology firm acquires a smaller rival in a multi-billion dollar deal,Neutral,Consumer Goods
Market sentiment turns positive on vaccine trial results,Neutral,Technology
Bond yields tumble as investors seek safe havens,Negative,Healthcare
China's Shanghai Composite falls after new trade restrictions,,Automotive
Pharmaceutical company's drug approval drives stock upward,Positive,Media & Entertainment
Market braces for a major policy announcement from the EU,Positive,Energy
Mining company stock surges on commodity price boom,Neutral,Automotive
Government policy shift boosts renewable energy sector,Positive,Retail
Supply chain issues impact manufacturing sector earnings,Neutral,Technology
China's Shanghai Composite falls after new trade restrictions,Neutral,Transportation
New regulations on cryptocurrencies cause a market dip,,Materials
Automotive industry faces headwinds from rising material costs,Negative,Agriculture
Supply chain issues impact manufacturing sector earnings,Negative,Utilities
Aerospace and Defense sector sees rally amid geopolitical tensions,Positive,Industrials
New regulations on cryptocurrencies cause a market dip,Negative,Technology
Bond yields tumble as investors seek safe havens,,Utilities
Real Estate sector shows signs of overheating as interest rates fall,Positive,Construction
E-commerce earnings report beats all analyst expectations,Negative,Aerospace & Defense
Crude oil prices drop to a multi-year low,Positive,Industrials
New regulations on cryptocurrencies cause a market dip,Negative,Energy
,Positive,Finance
Semiconductor shortages weigh heavily on tech sector profits,Positive,Retail
Media and Entertainment companies report a surge in streaming revenue,Negative,Agriculture
Market braces for a major policy announcement from the EU,Negative,Healthcare
Manufacturing PMI data signals economic expansion,Positive,Agriculture
,Positive,Utilities
Supply chain issues impact manufacturing sector earnings,Negative,Pharmaceuticals
Government subsidy program gives a lift to the agriculture sector,Neutral,Agriculture
Supply chain issues impact manufacturing sector earnings,,Media & Entertainment
Automotive industry faces headwinds from rising material costs,Positive,Media & Entertainment
Central Bank Governor signals potential shift in policy,Neutral,Real Estate
Government policy shift boosts renewable energy sector,Positive,Telecommunications
Consumer Discretionary stocks outperform as spending increases,Negative,Pharmaceuticals
New regulations on cryptocurrencies cause a market dip,Positive,Agriculture
Real Estate sector shows signs of overheating as interest rates fall,Negative,Retail
Retail sales report surpasses all forecasts,,Real Estate
Financial sector bracing for new capital requirements,Negative,Real Estate
China's Shanghai Composite falls after new trade restrictions,Negative,Agriculture
Dow Jones plunges as market fears recession,Positive,Materials
Automotive industry faces headwinds from rising material costs,Negative,Telecommunications
Banking stocks dip after a major scandal is revealed,Neutral,Retail
Major technology firm acquires a smaller rival in a multi-billion dollar deal,Negative,Energy
Bond yields tumble as investors seek safe havens,Positive,Telecommunications
Semiconductor shortages weigh heavily on tech sector profits,Positive,Media & Entertainment
Energy company's dividend hike excites shareholders,Negative,Industrials
Central Bank's dovish tone hints at future rate cuts,,Industrials
New housing data release shows a slowdown in market activity,Negative,Consumer Goods
Government spending bill is expected to stimulate the economy,Positive,Real Estate
Banking stocks dip after a major scandal is revealed,Neutral,Automotive
China's Shanghai Composite falls after new trade restrictions,,Consumer Goods
Government subsidy program gives a lift to the agriculture sector,Positive,Telecommunications
Central Bank Governor signals potential shift in policy,Positive,Automotive
Media and Entertainment companies report a surge in streaming revenue,Neutral,Telecommunications
Automotive industry faces headwinds from rising material costs,Neutral,Energy
Consumer Discretionary stocks outperform as spending increases,Negative,Finance
Market sentiment turns positive on vaccine trial results,Positive,Consumer Goods
Consumer confidence index reaches a decade high,Neutral,Technology
Financial services stocks rally on strong profit margins,Negative,Transportation
,Neutral,Materials
Supply chain issues impact manufacturing sector earnings,Neutral,Media & Entertainment
New IPO for a popular software firm is oversubscribed,Negative,Materials
Dow Jones plunges as market fears recession,Negative,Transportation
Government spending bill is expected to stimulate the economy,Positive,Consumer Goods
Consumer confidence index reaches a decade high,Neutral,Healthcare
New IPO for a popular software firm is oversubscribed,Neutral,Construction
New regulations on cryptocurrencies cause a market dip,Positive,Pharmaceuticals
New IPO for a popular software firm is oversubscribed,Neutral,Telecommunications
Government subsidy program gives a lift to the agriculture sector,,Automotive
Banking stocks dip after a major scandal is revealed,Neutral,Energy
Nikkei 225 index benefits from a weaker yen,,Materials
Major oil spill sends energy stocks plummeting,Positive,Real Estate
Quarterly report shows surprising losses for retail giants,Negative,Real Estate
,Positive,Construction
Federal Reserve Chairman's speech causes market volatility,Positive,Finance
Supply chain issues impact manufacturing sector earnings,Negative,Energy
Geopolitical ceasefire prompts a broad market recovery,Positive,Retail
Real Estate sector shows signs of overheating as interest rates fall,Positive,Energy
Quarterly report shows surprising losses for retail giants,Neutral,Industrials
Crude oil prices drop to a multi-year low,Negative,Construction
Utilities sector remains stable during market fluctuations,Positive,Energy
Merger talks between two banks fall through,Negative,Transportation
New housing data release shows a slowdown in market activity,Negative,Agriculture
Central Bank Governor signals potential shift in policy,Neutral,Energy
Government subsidy program gives a lift to the agriculture sector,Neutral,Materials
Automotive industry faces headwinds from rising material costs,Positive,Materials
Gold prices surge as investors flee riskier assets,Positive,Telecommunications
,Negative,Media & Entertainment
New IPO for a popular software firm is oversubscribed,Positive,Retail
Energy company's dividend hike excites shareholders,Neutral,Pharmaceuticals
Automotive industry faces headwinds from rising material costs,Neutral,Industrials
New housing data release shows a slowdown in market activity,Neutral,Media & Entertainment
Major oil spill sends energy stocks plummeting,Positive,Industrials
Gold prices surge as investors flee riskier assets,Neutral,Technology
Quarterly report shows surprising losses for retail giants,Neutral,Pharmaceuticals
Aerospace and Defense sector sees rally amid geopolitical tensions,Neutral,Transportation
Aerospace and Defense sector sees rally amid geopolitical tensions,Neutral,Real Estate
Retail sales report surpasses all forecasts,Positive,Energy
Bond yields tumble as investors seek safe havens,Positive,Technology
Semiconductor shortages weigh heavily on tech sector profits,Neutral,Media & Entertainment
Massive stock buyback program announced by a consumer goods company,Neutral,Consumer Goods
Media and Entertainment companies report a surge in streaming revenue,Neutral,Transportation
Financial services stocks rally on strong profit margins,Neutral,Transportation
Consumer Discretionary stocks outperform as spending increases,Positive,Agriculture
Media and Entertainment companies report a surge in streaming revenue,Neutral,Agriculture
A massive data breach sends a tech company's stock tumbling,Neutral,Media & Entertainment
Aerospace and Defense sector sees rally amid geopolitical tensions,Positive,Finance
Utilities sector remains stable during market fluctuations,Negative,Industrials
Crude oil prices drop to a multi-year low,,Industrials
UK's FTSE 100 sees a boost from favorable trade data,Neutral,Technology
,Negative,Construction
China's Shanghai Composite falls after new trade restrictions,Positive,Aerospace & Defense
Pharmaceutical company's drug approval drives stock upward,Neutral,Construction
New regulations on cryptocurrencies cause a market dip,Negative,Materials
Healthcare stocks gain on robust demand and strong outlook,Neutral,Energy
Real Estate sector shows signs of overheating as interest rates fall,Negative,Media & Entertainment
Financial sector bracing for new capital requirements,Neutral,Technology
Major technology firm acquires a smaller rival in a multi-billion dollar deal,Neutral,Healthcare
Dow Jones plunges as market fears recession,Negative,Healthcare
Central Bank's dovish tone hints at future rate cuts,Negative,Energy
Nikkei 225 index benefits from a weaker yen,Positive,Pharmaceuticals
Bond yields tumble as investors seek safe havens,Neutral,Industrials
Major oil spill sends energy stocks plummeting,Negative,Aerospace & Defense
Nikkei 225 index benefits from a weaker yen,Negative,Energy
Consumer confidence index reaches a decade high,Negative,Materials
Merger talks between two banks fall through,Neutral,Technology
Unexpected rise in unemployment fuels market pessimism,Neutral,Construction
Massive stock buyback program announced by a consumer goods company,Neutral,Media & Entertainment
Mining company stock surges on commodity price boom,Negative,Aerospace & Defense
Central bank maintains status quo on interest rates,Neutral,Retail
Utilities sector remains stable during market fluctuations,Neutral,Energy
Government spending bill is expected to stimulate the economy,Positive,Industrials
Consumer confidence index reaches a decade high,Positive,Media & Entertainment
Semiconductor shortages weigh heavily on tech sector profits,Positive,Pharmaceuticals
Consumer Discretionary stocks outperform as spending increases,Positive,Utilities
Major oil spill sends energy stocks plummeting,,Utilities
Bond yields tumble as investors seek safe havens,Neutral,Transportation
Supply chain issues impact manufacturing sector earnings,Positive,Finance
New IPO for a popular software firm is oversubscribed,Positive,Pharmaceuticals
Supply chain issues impact manufacturing sector earnings,Positive,Transportation
Mining company stock surges on commodity price boom,Positive,Technology
Record-high inflation data rattles investors,Positive,Real Estate
Record-high inflation data rattles investors,Negative,Transportation
Supply chain issues impact manufacturing sector earnings,Negative,Technology
Semiconductor shortages weigh heavily on tech sector profits,Negative,Healthcare
Supply chain issues impact manufacturing sector earnings,Negative,Media & Entertainment
Aerospace and Defense sector sees rally amid geopolitical tensions,Neutral,Telecommunications
Nikkei 225 index benefits from a weaker yen,Neutral,Aerospace & Defense
Mining company stock surges on commodity price boom,Neutral,Telecommunications
Central Bank's dovish tone hints at future rate cuts,Neutral,Telecommunications
Utilities sector remains stable during market fluctuations,Negative,Healthcare
Consumer Discretionary stocks outperform as spending increases,Neutral,Utilities
Major technology firm acquires a smaller rival in a multi-billion dollar deal,Neutral,Media & Entertainment
E-commerce earnings report beats all analyst expectations,Negative,Pharmaceuticals
Central bank maintains status quo on interest rates,Positive,Transportation
Government spending bill is expected to stimulate the economy,Negative,Media & Entertainment
"Global trade talks collapse, causing market turmoil",Negative,Energy
Healthcare stocks gain on robust demand and strong outlook,Neutral,Technology
Automotive industry faces headwinds from rising material costs,Positive,Agriculture
Quarterly report shows surprising losses for retail giants,Neutral,Automotive
Gold prices surge as investors flee riskier assets,Neutral,Agriculture
Financial services stocks rally on strong profit margins,Positive,Pharmaceuticals
Manufacturing PMI data signals economic expansion,Negative,Consumer Goods
Major technology firm acquires a smaller rival in a multi-billion dollar deal,Positive,Construction
Aerospace and Defense sector sees rally amid geopolitical tensions,Neutral,Aerospace & Defense
,Negative,Construction
ASX 200 gains on strong export performance,Neutral,Agriculture
Government subsidy program gives a lift to the agriculture sector,Negative,Media & Entertainment
Financial services stocks rally on strong profit margins,Positive,Energy
Tech Giant's New Product Launch Sparks Sector-Wide Gains,Neutral,Aerospace & Defense
Gold prices surge as investors flee riskier assets,Negative,Consumer Goods
Major oil spill sends energy stocks plummeting,Positive,Utilities
Market braces for a major policy announcement from the EU,Neutral,Finance
Crude oil prices drop to a multi-year low,Neutral,Aerospace & Defense
Financial sector bracing for new capital requirements,Positive,Aerospace & Defense
Banking stocks dip after a major scandal is revealed,Neutral,Energy
Automotive industry faces headwinds from rising material costs,Positive,Pharmaceuticals
Healthcare stocks gain on robust demand and strong outlook,Negative,Consumer Goods
Manufacturing PMI data signals economic expansion,Neutral,Pharmaceuticals
,Neutral,Retail
Consumer confidence index reaches a decade high,Positive,Industrials
Media and Entertainment companies report a surge in streaming revenue,Positive,Construction
Semiconductor shortages weigh heavily on tech sector profits,Negative,Construction
China's Shanghai Composite falls after new trade restrictions,Negative,Agriculture
Unexpected rise in unemployment fuels market pessimism,Negative,Aerospace & Defense
Nikkei 225 index benefits from a weaker yen,Positive,Media & Entertainment
Healthcare stocks gain on robust demand and strong outlook,,Transportation
New regulations on cryptocurrencies cause a market dip,Positive,Healthcare
Record-high inflation data rattles investors,Positive,Industrials
Real Estate sector shows signs of overheating as interest rates fall,Neutral,Construction
Gold prices surge as investors flee riskier assets,Neutral,Materials
Central Bank Governor signals potential shift in policy,Negative,Real Estate
China's Shanghai Composite falls after new trade restrictions,Negative,Pharmaceuticals
A massive data breach sends a tech company's stock tumbling,Positive,Real Estate
Financial services stocks rally on strong profit margins,Positive,Pharmaceuticals
Government policy shift boosts renewable energy sector,Positive,Materials
Supply chain issues impact manufacturing sector earnings,Positive,Energy
Real Estate sector shows signs of overheating as interest rates fall,Negative,Healthcare
Geopolitical ceasefire prompts a broad market recovery,Positive,Finance
Government spending bill is expected to stimulate the economy,Positive,Construction
Utilities sector remains stable during market fluctuations,Positive,Materials
Banking stocks dip after a major scandal is revealed,Negative,Retail
,Neutral,Healthcare
Retail sales report surpasses all forecasts,Negative,Transportation
Federal Reserve Chairman's speech causes market volatility,Neutral,Media & Entertainment
Manufacturing PMI data signals economic expansion,,Technology
Real Estate sector shows signs of overheating as interest rates fall,Neutral,Energy
Manufacturing PMI data signals economic expansion,Positive,Construction
Gold prices surge as investors flee riskier assets,,Industrials
Consumer Discretionary stocks outperform as spending increases,Negative,Healthcare
New housing data release shows a slowdown in market activity,Positive,Agriculture
New housing data release shows a slowdown in market activity,Positive,Telecommunications
Government spending bill is expected to stimulate the economy,Positive,Construction
Unexpected rise in unemployment fuels market pessimism,Positive,Healthcare
Federal Reserve Chairman's speech causes market volatility,Positive,Materials
Tech Giant's New Product Launch Sparks Sector-Wide Gains,Neutral,Telecommunications
Energy company's dividend hike excites shareholders,Positive,Pharmaceuticals
Crude oil prices drop to a multi-year low,Neutral,Pharmaceuticals
UK's FTSE 100 sees a boost from favorable trade data,Neutral,Utilities
Manufacturing PMI data signals economic expansion,Positive,Utilities
Major technology firm acquires a smaller rival in a multi-billion dollar deal,Neutral,Real Estate
A massive data breach sends a tech company's stock tumbling,,Energy
Consumer confidence index reaches a decade high,Positive,Transportation
New housing data release shows a slowdown in market activity,Negative,Pharmaceuticals
Consumer Discretionary stocks outperform as spending increases,Negative,Utilities
Record-high inflation data rattles investors,Positive,Utilities
A massive data breach sends a tech company's stock tumbling,Neutral,Retail
Government policy shift boosts renewable energy sector,Neutral,Automotive
Real Estate sector shows signs of overheating as interest rates fall,Positive,Retail
Banking stocks dip after a major scandal is revealed,Positive,Technology
Merger talks between two banks fall through,Neutral,Healthcare
New regulations on cryptocurrencies cause a market dip,Neutral,Industrials
Major technology firm acquires a smaller rival in a multi-billion dollar deal,Neutral,Energy
Utilities sector remains stable during market fluctuations,,Aerospace & Defense
Government subsidy program gives a lift to the agriculture sector,Negative,Utilities
Crude oil prices drop to a multi-year low,Negative,Transportation
Central Bank Governor signals potential shift in policy,Positive,Healthcare
Financial services stocks rally on strong profit margins,Neutral,Consumer Goods
Government spending bill is expected to stimulate the economy,,Media & Entertainment
Bond yields tumble as investors seek safe havens,Neutral,Materials
Market braces for a major policy announcement from the EU,Neutral,Retail
Government spending bill is expected to stimulate the economy,,Agriculture
Retail sales report surpasses all forecasts,Positive,Automotive
Semiconductor shortages weigh heavily on tech sector profits,Positive,Agriculture
Crude oil prices drop to a multi-year low,Negative,Pharmaceuticals
Energy company's dividend hike excites shareholders,Positive,Aerospace & Defense
Supply chain issues impact manufacturing sector earnings,Neutral,Industrials
China's Shanghai Composite falls after new trade restrictions,Neutral,Materials
Major oil spill sends energy stocks plummeting,,Agriculture
Semiconductor shortages weigh heavily on tech sector profits,Negative,Retail
A massive data breach sends a tech company's stock tumbling,Neutral,Media & Entertainment
Dow Jones plunges as market fears recession,Positive,Energy
Central bank maintains status quo on interest rates,Negative,Technology
Crude oil prices drop to a multi-year low,Positive,Real Estate
Consumer confidence index reaches a decade high,Neutral,Technology
Quarterly report shows surprising losses for retail giants,Positive,Aerospace & Defense
,Positive,Technology
Energy company's dividend hike excites shareholders,Positive,Transportation
Manufacturing PMI data signals economic expansion,Neutral,Aerospace & Defense
Automotive industry faces headwinds from rising material costs,Positive,Pharmaceuticals
"Global trade talks collapse, causing market turmoil",Positive,Consumer Goods
Dow Jones plunges as market fears recession,Negative,Aerospace & Defense
Consumer confidence index reaches a decade high,Neutral,Healthcare
Financial services stocks rally on strong profit margins,Negative,Transportation
Automotive industry faces headwinds from rising material costs,Neutral,Automotive
Tech Giant's New Product Launch Sparks Sector-Wide Gains,Negative,Construction
Bond yields tumble as investors seek safe havens,,Construction
,Positive,Media & Entertainment
Consumer confidence index reaches a decade high,Positive,Agriculture
Media and Entertainment companies report a surge in streaming revenue,Positive,Construction
Geopolitical ceasefire prompts a broad market recovery,Negative,Media & Entertainment
"Global trade talks collapse, causing market turmoil",Neutral,Utilities
Financial sector bracing for new capital requirements,Negative,Materials
Semiconductor shortages weigh heavily on tech sector profits,Positive,Telecommunications
Energy company's dividend hike excites shareholders,Positive,Aerospace & Defense
Record-high inflation data rattles investors,Positive,Transportation
New regulations on cryptocurrencies cause a market dip,Positive,Utilities
Consumer confidence index reaches a decade high,Neutral,Real Estate
A massive data breach sends a tech company's stock tumbling,Positive,Utilities
Pharmaceutical company's drug approval drives stock upward,Negative,Retail
Financial sector bracing for new capital requirements,Neutral,Healthcare
Market sentiment turns positive on vaccine trial results,Neutral,Automotive
ASX 200 gains on strong export performance,Negative,Aerospace & Defense
A massive data breach sends a tech company's stock tumbling,Positive,Consumer Goods
Geopolitical ceasefire prompts a broad market recovery,Negative,Finance
Gold prices surge as investors flee riskier assets,Negative,Transportation
Unexpected rise in unemployment fuels market pessimism,Positive,Agriculture
New IPO for a popular software firm is oversubscribed,Negative,Construction
Government subsidy program gives a lift to the agriculture sector,Neutral,Agriculture
Unexpected rise in unemployment fuels market pessimism,Negative,Materials
New IPO for a popular software firm is oversubscribed,Positive,Construction
Utilities sector remains stable during market fluctuations,Neutral,Real Estate
Retail sales report surpasses all forecasts,Neutral,Healthcare
Unexpected rise in unemployment fuels market pessimism,Negative,Utilities
Record-high inflation data rattles investors,Neutral,Energy
Major technology firm acquires a smaller rival in a multi-billion dollar deal,Positive,Consumer Goods
Major oil spill sends energy stocks plummeting,Neutral,Consumer Goods
Government subsidy program gives a lift to the agriculture sector,Positive,Telecommunications
Quarterly report shows surprising losses for retail giants,Positive,Consumer Goods
New housing data release shows a slowdown in market activity,Positive,Telecommunications
Major technology firm acquires a smaller rival in a multi-billion dollar deal,Negative,Automotive
Federal Reserve Chairman's speech causes market volatility,Negative,Agriculture
Banking stocks dip after a major scandal is revealed,Positive,Aerospace & Defense
,Negative,Healthcare
Manufacturing PMI data signals economic expansion,Negative,Healthcare
Crude oil prices drop to a multi-year low,Neutral,Transportation
UK's FTSE 100 sees a boost from favorable trade data,Negative,Finance
Government spending bill is expected to stimulate the economy,Positive,Healthcare
Central Bank Governor signals potential shift in policy,Negative,Retail
Aerospace and Defense sector sees rally amid geopolitical tensions,Negative,Agriculture
Bond yields tumble as investors seek safe havens,Neutral,Technology
Manufacturing PMI data signals economic expansion,Positive,Technology
Market braces for a major policy announcement from the EU,Negative,Automotive
New regulations on cryptocurrencies cause a market dip,Neutral,Construction
ASX 200 gains on strong export performance,Negative,Finance
Semiconductor shortages weigh heavily on tech sector profits,Neutral,Consumer Goods
Consumer confidence index reaches a decade high,Negative,Retail
Market sentiment turns positive on vaccine trial results,Negative,Industrials
Massive stock buyback program announced by a consumer goods company,Negative,Consumer Goods
"Global trade talks collapse, causing market turmoil",Negative,Consumer Goods
Dow Jones plunges as market fears recession,Positive,Media & Entertainment
,,Industrials
Dow Jones plunges as market fears recession,Neutral,Healthcare
Real Estate sector shows signs of overheating as interest rates fall,Neutral,Healthcare
Unexpected rise in unemployment fuels market pessimism,Positive,Real Estate
Market braces for a major policy announcement from the EU,Negative,Utilities
Market braces for a major policy announcement from the EU,Neutral,Real Estate
A massive data breach sends a tech company's stock tumbling,Neutral,Materials
China's Shanghai Composite falls after new trade restrictions,Neutral,Materials
Government spending bill is expected to stimulate the economy,Positive,Real Estate
UK's FTSE 100 sees a boost from favorable trade data,Neutral,Utilities
Government spending bill is expected to stimulate the economy,Negative,Consumer Goods
New IPO for a popular software firm is oversubscribed,Positive,Materials
Central bank maintains status quo on interest rates,Positive,Aerospace & Defense
Market braces for a major policy announcement from the EU,Neutral,Transportation
Major oil spill sends energy stocks plummeting,Negative,Consumer Goods
Retail sales report surpasses all forecasts,Negative,Transportation
Quarterly report shows surprising losses for retail giants,Negative,Real Estate
Federal Reserve Chairman's speech causes market volatility,Neutral,Pharmaceuticals
Supply chain issues impact manufacturing sector earnings,Neutral,Retail
Healthcare stocks gain on robust demand and strong outlook,Negative,Consumer Goods
"Global trade talks collapse, causing market turmoil",Positive,Transportation
Manufacturing PMI data signals economic expansion,Positive,Transportation
Quarterly report shows surprising losses for retail giants,Neutral,Finance
Financial sector bracing for new capital requirements,Negative,Materials
UK's FTSE 100 sees a boost from favorable trade data,Negative,Retail
,Neutral,Healthcare
Retail sales report surpasses all forecasts,Positive,Automotive
Aerospace and Defense sector sees rally amid geopolitical tensions,Neutral,Materials
Real Estate sector shows signs of overheating as interest rates fall,Positive,Aerospace & Defense
Central Bank's dovish tone hints at future rate cuts,Positive,Retail
Utilities sector remains stable during market fluctuations,,Pharmaceuticals
Market sentiment turns positive on vaccine trial results,Positive,Healthcare
ASX 200 gains on strong export performance,Negative,Transportation
A massive data breach sends a tech company's stock tumbling,Positive,Healthcare
Nikkei 225 index benefits from a weaker yen,,Automotive
Market braces for a major policy announcement from the EU,Negative,Automotive
Consumer Discretionary stocks outperform as spending increases,Negative,Technology
Market sentiment turns positive on vaccine trial results,Negative,Finance
Central bank maintains status quo on interest rates,Positive,Energy
Major technology firm acquires a smaller rival in a multi-billion dollar deal,Neutral,Agriculture
Consumer Discretionary stocks outperform as spending increases,Neutral,Industrials
Consumer confidence index reaches a decade high,Negative,Materials
Pharmaceutical company's drug approval drives stock upward,Neutral,Healthcare
Nikkei 225 index benefits from a weaker yen,Negative,Real Estate
Energy company's dividend hike excites shareholders,,Agriculture
Merger talks between two banks fall through,Neutral,Materials
A massive data breach sends a tech company's stock tumbling,Neutral,Media & Entertainment
Utilities sector remains stable during market fluctuations,Positive,Finance
Record-high inflation data rattles investors,Positive,Telecommunications
Central Bank's dovish tone hints at future rate cuts,Neutral,Media & Entertainment
Quarterly report shows surprising losses for retail giants,Negative,Real Estate
Major oil spill sends energy stocks plummeting,Negative,Real Estate
Tech Giant's New Product Launch Sparks Sector-Wide Gains,Negative,Utilities
Tech Giant's New Product Launch Sparks Sector-Wide Gains,Positive,Utilities
Unexpected rise in unemployment fuels market pessimism,Negative,Media & Entertainment
Central bank maintains status quo on interest rates,Negative,Transportation
Semiconductor shortages weigh heavily on tech sector profits,Negative,Materials
Healthcare stocks gain on robust demand and strong outlook,Negative,Retail
Dow Jones plunges as market fears recession,Neutral,Materials
Nikkei 225 index benefits from a weaker yen,Neutral,Transportation
Automotive industry faces headwinds from rising material costs,Positive,Materials
Government subsidy program gives a lift to the agriculture sector,Neutral,Automotive
Major technology firm acquires a smaller rival in a multi-billion dollar deal,Negative,Finance
Financial services stocks rally on strong profit margins,Negative,Energy
Government policy shift boosts renewable energy sector,Negative,Construction
China's Shanghai Composite falls after new trade restrictions,Negative,Healthcare
Energy company's dividend hike excites shareholders,Positive,Technology
Financial services stocks rally on strong profit margins,Neutral,Industrials
New regulations on cryptocurrencies cause a market dip,,Industrials
Tech Giant's New Product Launch Sparks Sector-Wide Gains,Negative,Telecommunications
Federal Reserve Chairman's speech causes market volatility,Neutral,Real Estate
Media and Entertainment companies report a surge in streaming revenue,Neutral,Materials
Healthcare stocks gain on robust demand and strong outlook,Positive,Telecommunications
Aerospace and Defense sector sees rally amid geopolitical tensions,Negative,Finance
,Negative,Healthcare
Market sentiment turns positive on vaccine trial results,Negative,Media & Entertainment
Manufacturing PMI data signals economic expansion,Neutral,Construction
Real Estate sector shows signs of overheating as interest rates fall,Neutral,Industrials
Energy company's dividend hike excites shareholders,Positive,Transportation
Market braces for a major policy announcement from the EU,Negative,Real Estate
Government spending bill is expected to stimulate the economy,Positive,Technology
Semiconductor shortages weigh heavily on tech sector profits,Negative,Aerospace & Defense
Central Bank Governor signals potential shift in policy,Positive,Automotive
Pharmaceutical company's drug approval drives stock upward,,Utilities
Aerospace and Defense sector sees rally amid geopolitical tensions,Negative,Industrials
Market braces for a major policy announcement from the EU,Negative,Media & Entertainment
E-commerce earnings report beats all analyst expectations,Negative,Telecommunications
Government subsidy program gives a lift to the agriculture sector,,Automotive
Real Estate sector shows signs of overheating as interest rates fall,Negative,Consumer Goods
Government subsidy program gives a lift to the agriculture sector,Positive,Industrials
Retail sales report surpasses all forecasts,Negative,Consumer Goods
Government subsidy program gives a lift to the agriculture sector,Positive,Industrials
Consumer Discretionary stocks outperform as spending increases,Positive,Healthcare
Financial sector bracing for new capital requirements,Negative,Media & Entertainment
Dow Jones plunges as market fears recession,Neutral,Finance
Consumer confidence index reaches a decade high,Negative,Aerospace & Defense
Central Bank Governor signals potential shift in policy,Neutral,Industrials
New housing data release shows a slowdown in market activity,Positive,Industrials
Government policy shift boosts renewable energy sector,Neutral,Technology
UK's FTSE 100 sees a boost from favorable trade data,Negative,Healthcare
ASX 200 gains on strong export performance,Negative,Utilities
Government spending bill is expected to stimulate the economy,Positive,Energy
Unexpected rise in unemployment fuels market pessimism,Positive,Telecommunications
Central Bank Governor signals potential shift in policy,Neutral,Technology
Supply chain issues impact manufacturing sector earnings,Negative,Industrials
Pharmaceutical company's drug approval drives stock upward,Neutral,Utilities
Aerospace and Defense sector sees rally amid geopolitical tensions,Positive,Construction
E-commerce earnings report beats all analyst expectations,Neutral,Technology
Merger talks between two banks fall through,Positive,Media & Entertainment
,Neutral,Aerospace & Defense
Market braces for a major policy announcement from the EU,Negative,Industrials
Financial services stocks rally on strong profit margins,Negative,Construction
Merger talks between two banks fall through,Positive,Industrials
Automotive industry faces headwinds from rising material costs,,Media & Entertainment
Massive stock buyback program announced by a consumer goods company,Positive,Healthcare
Media and Entertainment companies report a surge in streaming revenue,Negative,Construction
Federal Reserve Chairman's speech causes market volatility,Negative,Media & Entertainment
Geopolitical ceasefire prompts a broad market recovery,Negative,Agriculture
Healthcare stocks gain on robust demand and strong outlook,Negative,Construction
Consumer Discretionary stocks outperform as spending increases,Neutral,Automotive
Bond yields tumble as investors seek safe havens,Positive,Aerospace & Defense
Major oil spill sends energy stocks plummeting,Neutral,Real Estate
New IPO for a popular software firm is oversubscribed,Positive,Consumer Goods
,Positive,Aerospace & Defense
Pharmaceutical company's drug approval drives stock upward,Neutral,Real Estate
Government spending bill is expected to stimulate the economy,Negative,Transportation
Gold prices surge as investors flee riskier assets,Positive,Aerospace & Defense
Geopolitical ceasefire prompts a broad market recovery,Negative,Real Estate
Federal Reserve Chairman's speech causes market volatility,Positive,Finance
Bond yields tumble as investors seek safe havens,Neutral,Industrials
Mining company stock surges on commodity price boom,Negative,Real Estate
,Neutral,Transportation
E-commerce earnings report beats all analyst expectations,Neutral,Consumer Goods
A massive data breach sends a tech company's stock tumbling,Neutral,Transportation
Manufacturing PMI data signals economic expansion,Positive,Pharmaceuticals
Merger talks between two banks fall through,Neutral,Utilities
Central bank maintains status quo on interest rates,Negative,Consumer Goods
Media and Entertainment companies report a surge in streaming revenue,Neutral,Agriculture
Market sentiment turns positive on vaccine trial results,Positive,Pharmaceuticals
Geopolitical ceasefire prompts a broad market recovery,Neutral,Technology
UK's FTSE 100 sees a boost from favorable trade data,Positive,Retail
,,Automotive
Real Estate sector shows signs of overheating as interest rates fall,Positive,Industrials
Massive stock buyback program announced by a consumer goods company,Negative,Technology
Major oil spill sends energy stocks plummeting,Neutral,Transportation
Healthcare stocks gain on robust demand and strong outlook,Negative,Transportation
Government subsidy program gives a lift to the agriculture sector,Positive,Telecommunications
A massive data breach sends a tech company's stock tumbling,Negative,Industrials
Central Bank's dovish tone hints at future rate cuts,Positive,Transportation
Central bank maintains status quo on interest rates,Neutral,Materials
,Negative,Consumer Goods
Government policy shift boosts renewable energy sector,Negative,Technology
Real Estate sector shows signs of overheating as interest rates fall,Neutral,Consumer Goods
Market sentiment turns positive on vaccine trial results,Neutral,Retail
Bond yields tumble as investors seek safe havens,Neutral,Retail
China's Shanghai Composite falls after new trade restrictions,Positive,Consumer Goods
Quarterly report shows surprising losses for retail giants,Positive,Finance
Tech Giant's New Product Launch Sparks Sector-Wide Gains,Negative,Automotive
"Global trade talks collapse, causing market turmoil",Negative,Industrials
Retail sales report surpasses all forecasts,Negative,Telecommunications
Federal Reserve Chairman's speech causes market volatility,Positive,Retail
UK's FTSE 100 sees a boost from favorable trade data,Negative,Materials
Energy company's dividend hike excites shareholders,Neutral,Consumer Goods
Tech Giant's New Product Launch Sparks Sector-Wide Gains,Positive,Aerospace & Defense
Record-high inflation data rattles investors,Negative,Aerospace & Defense
Consumer confidence index reaches a decade high,Neutral,Materials
Major technology firm acquires a smaller rival in a multi-billion dollar deal,Positive,Finance
E-commerce earnings report beats all analyst expectations,,Agriculture
E-commerce earnings report beats all analyst expectations,Positive,Pharmaceuticals
Media and Entertainment companies report a surge in streaming revenue,Positive,Industrials
,Neutral,Finance
Unexpected rise in unemployment fuels market pessimism,Neutral,Retail
Retail sales report surpasses all forecasts,Negative,Aerospace & Defense
Tech Giant's New Product Launch Sparks Sector-Wide Gains,Neutral,Agriculture
Nikkei 225 index benefits from a weaker yen,Positive,Utilities
Tech Giant's New Product Launch Sparks Sector-Wide Gains,Negative,Real Estate
Market sentiment turns positive on vaccine trial results,Positive,Materials
Semiconductor shortages weigh heavily on tech sector profits,Negative,Retail
New IPO for a popular software firm is oversubscribed,Positive,Transportation
Gold prices surge as investors flee riskier assets,Neutral,Utilities
Bond yields tumble as investors seek safe havens,Neutral,Automotive
Merger talks between two banks fall through,Neutral,Automotive
New IPO for a popular software firm is oversubscribed,Neutral,Telecommunications
Major oil spill sends energy stocks plummeting,Negative,Automotive
Crude oil prices drop to a multi-year low,Neutral,Construction
Market sentiment turns positive on vaccine trial results,Positive,Retail
Semiconductor shortages weigh heavily on tech sector profits,Positive,Industrials
Bond yields tumble as investors seek safe havens,Positive,Retail
Geopolitical ceasefire prompts a broad market recovery,Negative,Finance
"Global trade talks collapse, causing market turmoil",Positive,Consumer Goods
E-commerce earnings report beats all analyst expectations,Negative,Energy
New regulations on cryptocurrencies cause a market dip,Negative,Transportation
Federal Reserve Chairman's speech causes market volatility,Negative,Utilities
Manufacturing PMI data signals economic expansion,Negative,Real Estate
Record-high inflation data rattles investors,Neutral,Energy
Major technology firm acquires a smaller rival in a multi-billion dollar deal,Positive,Finance
Automotive industry faces headwinds from rising material costs,Neutral,Transportation
Nikkei 225 index benefits from a weaker yen,Negative,Consumer Goods
Market braces for a major policy announcement from the EU,Neutral,Utilities
Bond yields tumble as investors seek safe havens,Positive,Agriculture
Automotive industry faces headwinds from rising material costs,Positive,Telecommunications
Financial sector bracing for new capital requirements,Negative,Automotive
Aerospace and Defense sector sees rally amid geopolitical tensions,Neutral,Retail
China's Shanghai Composite falls after new trade restrictions,Negative,Aerospace & Defense
Consumer confidence index reaches a decade high,Negative,Transportation
Pharmaceutical company's drug approval drives stock upward,,Materials
Healthcare stocks gain on robust demand and strong outlook,Neutral,Transportation
Aerospace and Defense sector sees rally amid geopolitical tensions,Negative,Telecommunications
Nikkei 225 index benefits from a weaker yen,Negative,Automotive
New IPO for a popular software firm is oversubscribed,Neutral,Finance
New regulations on cryptocurrencies cause a market dip,Neutral,Automotive
Record-high inflation data rattles investors,Positive,Consumer Goods
Aerospace and Defense sector sees rally amid geopolitical tensions,,Telecommunications
Utilities sector remains stable during market fluctuations,Positive,Industrials
Major technology firm acquires a smaller rival in a multi-billion dollar deal,Positive,Pharmaceuticals
Dow Jones plunges as market fears recession,Neutral,Agriculture
Market sentiment turns positive on vaccine trial results,Neutral,Pharmaceuticals
Government subsidy program gives a lift to the agriculture sector,Negative,Industrials
Merger talks between two banks fall through,Neutral,Real Estate
Bond yields tumble as investors seek safe havens,Positive,Consumer Goods
,Positive,Agriculture
A massive data breach sends a tech company's stock tumbling,Positive,Energy
Record-high inflation data rattles investors,Positive,Automotive
A massive data breach sends a tech company's stock tumbling,Negative,Agriculture
Dow Jones plunges as market fears recession,Negative,Finance
Major technology firm acquires a smaller rival in a multi-billion dollar deal,Positive,Media & Entertainment
ASX 200 gains on strong export performance,Neutral,Aerospace & Defense
New housing data release shows a slowdown in market activity,Neutral,Telecommunications
Automotive industry faces headwinds from rising material costs,Neutral,Utilities
Federal Reserve Chairman's speech causes market volatility,Positive,Energy
Automotive industry faces headwinds from rising material costs,Neutral,Aerospace & Defense
Consumer Discretionary stocks outperform as spending increases,Neutral,Pharmaceuticals
Semiconductor shortages weigh heavily on tech sector profits,Negative,Telecommunications
Semiconductor shortages weigh heavily on tech sector profits,Neutral,Media & Entertainment
Tech Giant's New Product Launch Sparks Sector-Wide Gains,Neutral,Consumer Goods
Supply chain issues impact manufacturing sector earnings,Neutral,Healthcare
Major technology firm acquires a smaller rival in a multi-billion dollar deal,Positive,Automotive
Quarterly report shows surprising losses for retail giants,Neutral,Telecommunications
Pharmaceutical company's drug approval drives stock upward,Positive,Transportation
,Negative,Industrials
,Neutral,Real Estate
Financial services stocks rally on strong profit margins,Neutral,Automotive
Media and Entertainment companies report a surge in streaming revenue,,Media & Entertainment
Unexpected rise in unemployment fuels market pessimism,Negative,Media & Entertainment
Tech Giant's New Product Launch Sparks Sector-Wide Gains,Negative,Pharmaceuticals
Semiconductor shortages weigh heavily on tech sector profits,Negative,Finance
Central Bank Governor signals potential shift in policy,Negative,Transportation
Energy company's dividend hike excites shareholders,Neutral,Materials
Retail sales report surpasses all forecasts,Neutral,Finance
Utilities sector remains stable during market fluctuations,Neutral,Technology
Quarterly report shows surprising losses for retail giants,Positive,Transportation
Retail sales report surpasses all forecasts,Negative,Healthcare
A massive data breach sends a tech company's stock tumbling,Neutral,Aerospace & Defense
New housing data release shows a slowdown in market activity,Neutral,Utilities
Major technology firm acquires a smaller rival in a multi-billion dollar deal,Negative,Consumer Goods
Major technology firm acquires a smaller rival in a multi-billion dollar deal,Neutral,Real Estate
Aerospace and Defense sector sees rally amid geopolitical tensions,Negative,Pharmaceuticals
Merger talks between two banks fall through,Negative,Real Estate
New housing data release shows a slowdown in market activity,Positive,Real Estate
New IPO for a popular software firm is oversubscribed,Positive,Technology
Media and Entertainment companies report a surge in streaming revenue,Negative,Technology
Healthcare stocks gain on robust demand and strong outlook,Negative,Agriculture
Federal Reserve Chairman's speech causes market volatility,Negative,Agriculture
UK's FTSE 100 sees a boost from favorable trade data,Neutral,Energy
Federal Reserve Chairman's speech causes market volatility,Positive,Materials
Unexpected rise in unemployment fuels market pessimism,Positive,Pharmaceuticals
Central Bank's dovish tone hints at future rate cuts,Positive,Retail
Nikkei 225 index benefits from a weaker yen,Positive,Aerospace & Defense
Semiconductor shortages weigh heavily on tech sector profits,Neutral,Utilities
ASX 200 gains on strong export performance,Negative,Consumer Goods
Automotive industry faces headwinds from rising material costs,Positive,Automotive
Central Bank Governor signals potential shift in policy,Neutral,Agriculture
Central Bank's dovish tone hints at future rate cuts,Positive,Agriculture
Dow Jones plunges as market fears recession,Negative,Telecommunications
New regulations on cryptocurrencies cause a market dip,Positive,Agriculture
Bond yields tumble as investors seek safe havens,Neutral,Energy
Gold prices surge as investors flee riskier assets,Positive,Pharmaceuticals
Utilities sector remains stable during market fluctuations,Positive,Healthcare
Pharmaceutical company's drug approval drives stock upward,Neutral,Finance
Supply chain issues impact manufacturing sector earnings,Negative,Materials
A massive data breach sends a tech company's stock tumbling,Neutral,Agriculture
New IPO for a popular software firm is oversubscribed,Neutral,Technology
New housing data release shows a slowdown in market activity,Negative,Agriculture
Media and Entertainment companies report a surge in streaming revenue,Negative,Healthcare
Major technology firm acquires a smaller rival in a multi-billion dollar deal,Positive,Consumer Goods
Media and Entertainment companies report a surge in streaming revenue,Positive,Transportation
Unexpected rise in unemployment fuels market pessimism,Positive,Agriculture
,Neutral,Media & Entertainment
Manufacturing PMI data signals economic expansion,Negative,Retail
New regulations on cryptocurrencies cause a market dip,Neutral,Industrials
Massive stock buyback program announced by a consumer goods company,Positive,Materials
New housing data release shows a slowdown in market activity,Positive,Transportation
Government subsidy program gives a lift to the agriculture sector,Positive,Finance
Bond yields tumble as investors seek safe havens,Neutral,Retail
Market sentiment turns positive on vaccine trial results,Positive,Agriculture
Banking stocks dip after a major scandal is revealed,Neutral,Industrials
Federal Reserve Chairman's speech causes market volatility,,Retail
Consumer confidence index reaches a decade high,Negative,Utilities
Market braces for a major policy announcement from the EU,Positive,Transportation
China's Shanghai Composite falls after new trade restrictions,Neutral,Telecommunications
Real Estate sector shows signs of overheating as interest rates fall,Negative,Healthcare
Central bank maintains status quo on interest rates,Negative,Healthcare
Gold prices surge as investors flee riskier assets,Negative,Media & Entertainment
ASX 200 gains on strong export performance,Positive,Technology
"Global trade talks collapse, causing market turmoil",Neutral,Transportation
Manufacturing PMI data signals economic expansion,Positive,Pharmaceuticals
Financial sector bracing for new capital requirements,Neutral,Construction
E-commerce earnings report beats all analyst expectations,Negative,Retail
Government subsidy program gives a lift to the agriculture sector,Neutral,Telecommunications
New regulations on cryptocurrencies cause a market dip,Negative,Materials
Federal Reserve Chairman's speech causes market volatility,Positive,Aerospace & Defense
Tech Giant's New Product Launch Sparks Sector-Wide Gains,Negative,Consumer Goods
Record-high inflation data rattles investors,Neutral,Retail
Banking stocks dip after a major scandal is revealed,Negative,Real Estate
Supply chain issues impact manufacturing sector earnings,Positive,Materials
Dow Jones plunges as market fears recession,Negative,Materials
,Positive,Consumer Goods
Tech Giant's New Product Launch Sparks Sector-Wide Gains,,Aerospace & Defense
Major technology firm acquires a smaller rival in a multi-billion dollar deal,Negative,Telecommunications
Retail sales report surpasses all forecasts,Neutral,Transportation
Semiconductor shortages weigh heavily on tech sector profits,Negative,Technology
Financial sector bracing for new capital requirements,Neutral,Real Estate
Mining company stock surges on commodity price boom,Positive,Materials
Nikkei 225 index benefits from a weaker yen,Positive,Transportation
Bond yields tumble as investors seek safe havens,Neutral,Agriculture
Retail sales report surpasses all forecasts,Negative,Pharmaceuticals
Nikkei 225 index benefits from a weaker yen,Neutral,Finance
Bond yields tumble as investors seek safe havens,Negative,Aerospace & Defense
New regulations on cryptocurrencies cause a market dip,Negative,Consumer Goods
Major oil spill sends energy stocks plummeting,Neutral,Construction
Gold prices surge as investors flee riskier assets,Neutral,Industrials
Massive stock buyback program announced by a consumer goods company,Neutral,Real Estate
Financial services stocks rally on strong profit margins,Negative,Utilities
New IPO for a popular software firm is oversubscribed,Negative,Media & Entertainment
Energy company's dividend hike excites shareholders,Neutral,Technology
Aerospace and Defense sector sees rally amid geopolitical tensions,Negative,Agriculture
Nikkei 225 index benefits from a weaker yen,Neutral,Materials
Pharmaceutical company's drug approval drives stock upward,Positive,Retail
Mining company stock surges on commodity price boom,Negative,Technology
Supply chain issues impact manufacturing sector earnings,Negative,Consumer Goods
China's Shanghai Composite falls after new trade restrictions,Neutral,Utilities
ASX 200 gains on strong export performance,Neutral,Construction
Semiconductor shortages weigh heavily on tech sector profits,Negative,Transportation
Market braces for a major policy announcement from the EU,Negative,Agriculture
Supply chain issues impact manufacturing sector earnings,Positive,Industrials
E-commerce earnings report beats all analyst expectations,Negative,Healthcare
Financial sector bracing for new capital requirements,Positive,Transportation
Healthcare stocks gain on robust demand and strong outlook,Negative,Transportation
Real Estate sector shows signs of overheating as interest rates fall,Negative,Energy
Massive stock buyback program announced by a consumer goods company,Negative,Industrials
,Positive,Energy
"Global trade talks collapse, causing market turmoil",Negative,Technology
Crude oil prices drop to a multi-year low,Neutral,Construction
E-commerce earnings report beats all analyst expectations,Neutral,Pharmaceuticals
ASX 200 gains on strong export performance,Negative,Real Estate
Pharmaceutical company's drug approval drives stock upward,Negative,Aerospace & Defense
Geopolitical ceasefire prompts a broad market recovery,,Transportation
Aerospace and Defense sector sees rally amid geopolitical tensions,Neutral,Materials
Government subsidy program gives a lift to the agriculture sector,Neutral,Retail
Geopolitical ceasefire prompts a broad market recovery,Neutral,Construction
UK's FTSE 100 sees a boost from favorable trade data,Neutral,Healthcare
Geopolitical ceasefire prompts a broad market recovery,Neutral,Agriculture
Market braces for a major policy announcement from the EU,Positive,Industrials
Financial services stocks rally on strong profit margins,Negative,Energy
ASX 200 gains on strong export performance,Positive,Industrials
New regulations on cryptocurrencies cause a market dip,Positive,Industrials
Federal Reserve Chairman's speech causes market volatility,Negative,Automotive
Gold prices surge as investors flee riskier assets,Negative,Automotive
Media and Entertainment companies report a surge in streaming revenue,,Transportation
Government spending bill is expected to stimulate the economy,Positive,Telecommunications
Semiconductor shortages weigh heavily on tech sector profits,Positive,Technology
Gold prices surge as investors flee riskier assets,Neutral,Aerospace & Defense
New regulations on cryptocurrencies cause a market dip,Negative,Transportation
Crude oil prices drop to a multi-year low,Negative,Consumer Goods
Semiconductor shortages weigh heavily on tech sector profits,Neutral,Utilities
Government policy shift boosts renewable energy sector,Neutral,Real Estate
Consumer confidence index reaches a decade high,,Healthcare
Consumer confidence index reaches a decade high,Positive,Industrials
New regulations on cryptocurrencies cause a market dip,Positive,Finance
Massive stock buyback program announced by a consumer goods company,Positive,Construction
Merger talks between two banks fall through,Neutral,Healthcare
Automotive industry faces headwinds from rising material costs,Positive,Industrials
Utilities sector remains stable during market fluctuations,Neutral,Media & Entertainment
New IPO for a popular software firm is oversubscribed,Positive,Retail
Retail sales report surpasses all forecasts,Positive,Transportation
Government policy shift boosts renewable energy sector,Negative,Retail
Merger talks between two banks fall through,Negative,Industrials
Utilities sector remains stable during market fluctuations,Neutral,Consumer Goods
Financial services stocks rally on strong profit margins,Positive,Automotive
Energy company's dividend hike excites shareholders,Negative,Automotive
Market braces for a major policy announcement from the EU,Positive,Automotive
Major oil spill sends energy stocks plummeting,Positive,Construction
Financial sector bracing for new capital requirements,,Industrials
Crude oil prices drop to a multi-year low,Positive,Consumer Goods
Geopolitical ceasefire prompts a broad market recovery,Positive,Media & Entertainment
Central bank maintains status quo on interest rates,Negative,Aerospace & Defense
Financial services stocks rally on strong profit margins,Positive,Automotive
Government subsidy program gives a lift to the agriculture sector,Neutral,Transportation
Supply chain issues impact manufacturing sector earnings,Negative,Technology
Record-high inflation data rattles investors,Negative,Healthcare
Energy company's dividend hike excites shareholders,Positive,Retail
ASX 200 gains on strong export performance,Neutral,Consumer Goods
Massive stock buyback program announced by a consumer goods company,Positive,Construction
Utilities sector remains stable during market fluctuations,Positive,Technology
New regulations on cryptocurrencies cause a market dip,Negative,Construction
Consumer Discretionary stocks outperform as spending increases,Neutral,Telecommunications
Central Bank's dovish tone hints at future rate cuts,Negative,Pharmaceuticals
Semiconductor shortages weigh heavily on tech sector profits,Positive,Aerospace & Defense
Merger talks between two banks fall through,Neutral,Utilities
Government subsidy program gives a lift to the agriculture sector,Positive,Construction
Bond yields tumble as investors seek safe havens,Negative,Finance
Consumer confidence index reaches a decade high,Neutral,Utilities
Nikkei 225 index benefits from a weaker yen,Negative,Industrials
Massive stock buyback program announced by a consumer goods company,Neutral,Aerospace & Defense
Government policy shift boosts renewable energy sector,Positive,Healthcare
Healthcare stocks gain on robust demand and strong outlook,Neutral,Pharmaceuticals
Manufacturing PMI data signals economic expansion,Neutral,Media & Entertainment
Mining company stock surges on commodity price boom,Positive,Agriculture
Financial sector bracing for new capital requirements,Negative,Transportation
Financial services stocks rally on strong profit margins,Negative,Utilities
Massive stock buyback program announced by a consumer goods company,Positive,Automotive
Government policy shift boosts renewable energy sector,Positive,Media & Entertainment
Supply chain issues impact manufacturing sector earnings,Negative,Finance
Automotive industry faces headwinds from rising material costs,Neutral,Automotive
Banking stocks dip after a major scandal is revealed,Negative,Finance
E-commerce earnings report beats all analyst expectations,Neutral,Industrials
Pharmaceutical company's drug approval drives stock upward,Negative,Media & Entertainment
Massive stock buyback program announced by a consumer goods company,Negative,Industrials
Manufacturing PMI data signals economic expansion,Positive,Healthcare
Crude oil prices drop to a multi-year low,Negative,Healthcare
Aerospace and Defense sector sees rally amid geopolitical tensions,Positive,Energy
Major oil spill sends energy stocks plummeting,Positive,Aerospace & Defense
Government subsidy program gives a lift to the agriculture sector,Negative,Industrials
Gold prices surge as investors flee riskier assets,Neutral,Construction
Media and Entertainment companies report a surge in streaming revenue,Negative,Transportation
Retail sales report surpasses all forecasts,,Automotive
Crude oil prices drop to a multi-year low,Negative,Utilities
Mining company stock surges on commodity price boom,Neutral,Transportation
Semiconductor shortages weigh heavily on tech sector profits,Negative,Transportation
Unexpected rise in unemployment fuels market pessimism,Negative,Telecommunications
Automotive industry faces headwinds from rising material costs,Neutral,Healthcare
New housing data release shows a slowdown in market activity,Positive,Real Estate
Unexpected rise in unemployment fuels market pessimism,Neutral,Pharmaceuticals
Consumer confidence index reaches a decade high,Neutral,Retail
Record-high inflation data rattles investors,Positive,Utilities
,Negative,Technology
Automotive industry faces headwinds from rising material costs,Negative,Retail
,Negative,Energy
Tech Giant's New Product Launch Sparks Sector-Wide Gains,Neutral,Technology
Government spending bill is expected to stimulate the economy,Positive,Aerospace & Defense
E-commerce earnings report beats all analyst expectations,Positive,Finance
China's Shanghai Composite falls after new trade restrictions,,Real Estate
A massive data breach sends a tech company's stock tumbling,Positive,Media & Entertainment
Consumer Discretionary stocks outperform as spending increases,Positive,Materials
Supply chain issues impact manufacturing sector earnings,,Technology
Utilities sector remains stable during market fluctuations,Negative,Materials
Major oil spill sends energy stocks plummeting,Neutral,Real Estate
Government policy shift boosts renewable energy sector,Negative,Healthcare
Central Bank's dovish tone hints at future rate cuts,Negative,Consumer Goods
Massive stock buyback program announced by a consumer goods company,Neutral,Energy
"Global trade talks collapse, causing market turmoil",Positive,Real Estate
A massive data breach sends a tech company's stock tumbling,Positive,Aerospace & Defense
Consumer Discretionary stocks outperform as spending increases,Positive,Telecommunications
Financial services stocks rally on strong profit margins,,Consumer Goods
New housing data release shows a slowdown in market activity,Positive,Healthcare
,Negative,Healthcare
UK's FTSE 100 sees a boost from favorable trade data,Positive,Energy
Nikkei 225 index benefits from a weaker yen,,Materials
Energy company's dividend hike excites shareholders,Neutral,Telecommunications
Financial sector bracing for new capital requirements,Neutral,Real Estate
Quarterly report shows surprising losses for retail giants,Positive,Media & Entertainment
Government spending bill is expected to stimulate the economy,Negative,Real Estate
,Negative,Transportation
New IPO for a popular software firm is oversubscribed,Positive,Utilities
Financial services stocks rally on strong profit margins,Neutral,Real Estate
Healthcare stocks gain on robust demand and strong outlook,Negative,Healthcare
Aerospace and Defense sector sees rally amid geopolitical tensions,Neutral,Telecommunications
Consumer Discretionary stocks outperform as spending increases,Neutral,Utilities
Pharmaceutical company's drug approval drives stock upward,Positive,Media & Entertainment
Government policy shift boosts renewable energy sector,,Real Estate
Mining company stock surges on commodity price boom,Negative,Retail
,Negative,Finance
Nikkei 225 index benefits from a weaker yen,Neutral,Retail
Record-high inflation data rattles investors,Neutral,Energy
Real Estate sector shows signs of overheating as interest rates fall,Negative,Materials
Tech Giant's New Product Launch Sparks Sector-Wide Gains,Neutral,Utilities
Bond yields tumble as investors seek safe havens,Neutral,Construction
"Global trade talks collapse, causing market turmoil",Neutral,Pharmaceuticals
Healthcare stocks gain on robust demand and strong outlook,Neutral,Telecommunications
Manufacturing PMI data signals economic expansion,,Agriculture
Financial sector bracing for new capital requirements,Positive,Consumer Goods
Semiconductor shortages weigh heavily on tech sector profits,Neutral,Media & Entertainment
ASX 200 gains on strong export performance,Negative,Utilities
Government spending bill is expected to stimulate the economy,Neutral,Consumer Goods
Banking stocks dip after a major scandal is revealed,Negative,Energy
Supply chain issues impact manufacturing sector earnings,Neutral,Consumer Goods
Unexpected rise in unemployment fuels market pessimism,Neutral,Automotive
New IPO for a popular software firm is oversubscribed,Positive,Technology
New IPO for a popular software firm is oversubscribed,Positive,Energy
Unexpected rise in unemployment fuels market pessimism,Negative,Real Estate
Central Bank's dovish tone hints at future rate cuts,Neutral,Transportation
Gold prices surge as investors flee riskier assets,Positive,Retail
Consumer confidence index reaches a decade high,Negative,Media & Entertainment
Utilities sector remains stable during market fluctuations,Negative,Automotive
Consumer confidence index reaches a decade high,Neutral,Media & Entertainment
Government spending bill is expected to stimulate the economy,Negative,Construction
Real Estate sector shows signs of overheating as interest rates fall,Positive,Automotive
Automotive industry faces headwinds from rising material costs,Negative,Automotive
Major oil spill sends energy stocks plummeting,Negative,Pharmaceuticals
Tech Giant's New Product Launch Sparks Sector-Wide Gains,,Telecommunications
China's Shanghai Composite falls after new trade restrictions,Neutral,Materials
Nikkei 225 index benefits from a weaker yen,Negative,Media & Entertainment
"Global trade talks collapse, causing market turmoil",Negative,Real Estate
New regulations on cryptocurrencies cause a market dip,Neutral,Pharmaceuticals
Automotive industry faces headwinds from rising material costs,Neutral,Transportation
UK's FTSE 100 sees a boost from favorable trade data,Positive,Technology
Market sentiment turns positive on vaccine trial results,,Media & Entertainment
Tech Giant's New Product Launch Sparks Sector-Wide Gains,Negative,Consumer Goods
Dow Jones plunges as market fears recession,,Real Estate
"Global trade talks collapse, causing market turmoil",Negative,Real Estate
Government spending bill is expected to stimulate the economy,Negative,Aerospace & Defense
Central Bank's dovish tone hints at future rate cuts,Neutral,Automotive
New IPO for a popular software firm is oversubscribed,Neutral,Energy
Semiconductor shortages weigh heavily on tech sector profits,Neutral,Industrials
Market sentiment turns positive on vaccine trial results,Negative,Pharmaceuticals
Nikkei 225 index benefits from a weaker yen,Positive,Pharmaceuticals
Bond yields tumble as investors seek safe havens,Neutral,Consumer Goods
Market sentiment turns positive on vaccine trial results,,Energy
Mining company stock surges on commodity price boom,Positive,Consumer Goods
Automotive industry faces headwinds from rising material costs,Positive,Construction
"Global trade talks collapse, causing market turmoil",Negative,Real Estate
,Neutral,Materials
,Positive,Energy
"Global trade talks collapse, causing market turmoil",Positive,Agriculture
Utilities sector remains stable during market fluctuations,Negative,Materials
,Positive,Aerospace & Defense
UK's FTSE 100 sees a boost from favorable trade data,Neutral,Agriculture
Utilities sector remains stable during market fluctuations,Positive,Utilities
A massive data breach sends a tech company's stock tumbling,,Media & Entertainment
Government policy shift boosts renewable energy sector,Negative,Aerospace & Defense
UK's FTSE 100 sees a boost from favorable trade data,Negative,Pharmaceuticals
Retail sales report surpasses all forecasts,Negative,Materials
Major technology firm acquires a smaller rival in a multi-billion dollar deal,Positive,Energy
Energy company's dividend hike excites shareholders,,Media & Entertainment
UK's FTSE 100 sees a boost from favorable trade data,,Utilities
Banking stocks dip after a major scandal is revealed,Neutral,Consumer Goods
New regulations on cryptocurrencies cause a market dip,Neutral,Agriculture
Gold prices surge as investors flee riskier assets,Negative,Media & Entertainment
Real Estate sector shows signs of overheating as interest rates fall,,Pharmaceuticals
Dow Jones plunges as market fears recession,Negative,Industrials
Consumer confidence index reaches a decade high,,Industrials
Manufacturing PMI data signals economic expansion,Negative,Finance
,Neutral,Media & Entertainment
Mining company stock surges on commodity price boom,Negative,Construction
Government spending bill is expected to stimulate the economy,Neutral,Media & Entertainment
Pharmaceutical company's drug approval drives stock upward,Negative,Materials
New housing data release shows a slowdown in market activity,Negative,Transportation
Federal Reserve Chairman's speech causes market volatility,Negative,Finance
Energy company's dividend hike excites shareholders,Neutral,Transportation
Manufacturing PMI data signals economic expansion,Negative,Telecommunications
Major technology firm acquires a smaller rival in a multi-billion dollar deal,Positive,Real Estate
,Positive,Technology
Government subsidy program gives a lift to the agriculture sector,Negative,Telecommunications
UK's FTSE 100 sees a boost from favorable trade data,Neutral,Finance
Mining company stock surges on commodity price boom,Positive,Aerospace & Defense
Gold prices surge as investors flee riskier assets,Positive,Utilities
Supply chain issues impact manufacturing sector earnings,Neutral,Retail
Healthcare stocks gain on robust demand and strong outlook,Positive,Telecommunications
Pharmaceutical company's drug approval drives stock upward,Negative,Construction
Mining company stock surges on commodity price boom,Negative,Construction
E-commerce earnings report beats all analyst expectations,Positive,Materials
Central Bank Governor signals potential shift in policy,Negative,Consumer Goods
Banking stocks dip after a major scandal is revealed,Negative,Technology
Merger talks between two banks fall through,Positive,Pharmaceuticals
Unexpected rise in unemployment fuels market pessimism,Negative,Materials
New IPO for a popular software firm is oversubscribed,Neutral,Technology
New housing data release shows a slowdown in market activity,Positive,Telecommunications
,Negative,Energy
China's Shanghai Composite falls after new trade restrictions,Neutral,Materials
,Negative,Pharmaceuticals
Government spending bill is expected to stimulate the economy,Positive,Automotive
Quarterly report shows surprising losses for retail giants,Negative,Pharmaceuticals
Major technology firm acquires a smaller rival in a multi-billion dollar deal,Negative,Aerospace & Defense
Market sentiment turns positive on vaccine trial results,Negative,Media & Entertainment
Gold prices surge as investors flee riskier assets,Positive,Aerospace & Defense
New regulations on cryptocurrencies cause a market dip,Neutral,Energy
Energy company's dividend hike excites shareholders,Neutral,Pharmaceuticals
Federal Reserve Chairman's speech causes market volatility,Positive,Finance
Bond yields tumble as investors seek safe havens,Negative,Automotive
Energy company's dividend hike excites shareholders,Neutral,Materials
Federal Reserve Chairman's speech causes market volatility,Positive,Agriculture
Market braces for a major policy announcement from the EU,Positive,Transportation
New housing data release shows a slowdown in market activity,Positive,Materials
Federal Reserve Chairman's speech causes market volatility,Neutral,Construction
Central Bank Governor signals potential shift in policy,Negative,Utilities
Massive stock buyback program announced by a consumer goods company,Neutral,Agriculture
Real Estate sector shows signs of overheating as interest rates fall,Neutral,Energy
A massive data breach sends a tech company's stock tumbling,Neutral,Technology
Gold prices surge as investors flee riskier assets,Positive,Aerospace & Defense
Energy company's dividend hike excites shareholders,Positive,Real Estate
Consumer confidence index reaches a decade high,Negative,Aerospace & Defense
Geopolitical ceasefire prompts a broad market recovery,Neutral,Telecommunications
Manufacturing PMI data signals economic expansion,Positive,Utilities
"Global trade talks collapse, causing market turmoil",Positive,Real Estate
Geopolitical ceasefire prompts a broad market recovery,Neutral,Retail
Automotive industry faces headwinds from rising material costs,Positive,Construction
Government subsidy program gives a lift to the agriculture sector,Negative,Industrials
Automotive industry faces headwinds from rising material costs,Positive,Energy
ASX 200 gains on strong export performance,Positive,Consumer Goods
China's Shanghai Composite falls after new trade restrictions,Positive,Retail
Central Bank's dovish tone hints at future rate cuts,Negative,Aerospace & Defense
Central Bank Governor signals potential shift in policy,Negative,Telecommunications
Gold prices surge as investors flee riskier assets,Neutral,Real Estate
Quarterly report shows surprising losses for retail giants,Neutral,Finance
Unexpected rise in unemployment fuels market pessimism,Negative,Finance
Unexpected rise in unemployment fuels market pessimism,,Aerospace & Defense
Semiconductor shortages weigh heavily on tech sector profits,Positive,Finance
Automotive industry faces headwinds from rising material costs,Positive,Consumer Goods
Mining company stock surges on commodity price boom,Negative,Aerospace & Defense
Dow Jones plunges as market fears recession,Negative,Telecommunications
Geopolitical ceasefire prompts a broad market recovery,Negative,Industrials
Manufacturing PMI data signals economic expansion,Neutral,Technology
Government policy shift boosts renewable energy sector,Positive,Industrials
Market sentiment turns positive on vaccine trial results,Positive,Energy
Energy company's dividend hike excites shareholders,Neutral,Automotive
Financial services stocks rally on strong profit margins,Negative,Media & Entertainment
Central bank maintains status quo on interest rates,Negative,Automotive
China's Shanghai Composite falls after new trade restrictions,Positive,Media & Entertainment
China's Shanghai Composite falls after new trade restrictions,Positive,Telecommunications
Supply chain issues impact manufacturing sector earnings,Negative,Pharmaceuticals
Market sentiment turns positive on vaccine trial results,Positive,Real Estate
Federal Reserve Chairman's speech causes market volatility,Positive,Telecommunications
Supply chain issues impact manufacturing sector earnings,Negative,Agriculture
A massive data breach sends a tech company's stock tumbling,Positive,Telecommunications
Energy company's dividend hike excites shareholders,Neutral,Media & Entertainment
Real Estate sector shows signs of overheating as interest rates fall,Neutral,Healthcare
Federal Reserve Chairman's speech causes market volatility,Positive,Materials
Real Estate sector shows signs of overheating as interest rates fall,Negative,Materials
Mining company stock surges on commodity price boom,Positive,Agriculture
Market braces for a major policy announcement from the EU,Negative,Transportation
Dow Jones plunges as market fears recession,Neutral,Automotive
Market sentiment turns positive on vaccine trial results,Negative,Technology
Government policy shift boosts renewable energy sector,Positive,Transportation
Quarterly report shows surprising losses for retail giants,,Automotive
Financial sector bracing for new capital requirements,Neutral,Technology
Tech Giant's New Product Launch Sparks Sector-Wide Gains,Neutral,Utilities
Market braces for a major policy announcement from the EU,Negative,Pharmaceuticals
Market braces for a major policy announcement from the EU,Negative,Real Estate
Utilities sector remains stable during market fluctuations,Negative,Agriculture
UK's FTSE 100 sees a boost from favorable trade data,,Pharmaceuticals
Quarterly report shows surprising losses for retail giants,Positive,Finance
Government policy shift boosts renewable energy sector,Neutral,Industrials
,Neutral,Healthcare
Record-high inflation data rattles investors,,Retail
ASX 200 gains on strong export performance,Negative,Technology
,Negative,Consumer Goods
Record-high inflation data rattles investors,Positive,Industrials
Geopolitical ceasefire prompts a broad market recovery,Neutral,Telecommunications
Geopolitical ceasefire prompts a broad market recovery,Neutral,Pharmaceuticals
,Negative,Healthcare
,Negative,Construction
Media and Entertainment companies report a surge in streaming revenue,Neutral,Aerospace & Defense
Geopolitical ceasefire prompts a broad market recovery,Negative,Automotive
Massive stock buyback program announced by a consumer goods company,Positive,Materials
"Global trade talks collapse, causing market turmoil",Negative,Materials
Consumer Discretionary stocks outperform as spending increases,Neutral,Transportation
New regulations on cryptocurrencies cause a market dip,Positive,Real Estate
Gold prices surge as investors flee riskier assets,Neutral,Industrials
Government policy shift boosts renewable energy sector,Positive,Pharmaceuticals
Federal Reserve Chairman's speech causes market volatility,Negative,Finance
Quarterly report shows surprising losses for retail giants,Neutral,Utilities
Merger talks between two banks fall through,Negative,Transportation
Record-high inflation data rattles investors,Negative,Construction
Banking stocks dip after a major scandal is revealed,Positive,Technology
Merger talks between two banks fall through,Positive,Energy
Manufacturing PMI data signals economic expansion,Neutral,Energy
A massive data breach sends a tech company's stock tumbling,Negative,Agriculture
Automotive industry faces headwinds from rising material costs,Negative,Retail
Government spending bill is expected to stimulate the economy,Positive,Real Estate
New IPO for a popular software firm is oversubscribed,Neutral,Automotive
,Positive,Energy
Market braces for a major policy announcement from the EU,Neutral,Technology
Central bank maintains status quo on interest rates,Negative,Healthcare
Government spending bill is expected to stimulate the economy,Positive,Materials
Media and Entertainment companies report a surge in streaming revenue,Positive,Retail
Pharmaceutical company's drug approval drives stock upward,Neutral,Automotive
UK's FTSE 100 sees a boost from favorable trade data,Positive,Construction
Central bank maintains status quo on interest rates,Neutral,Telecommunications
Geopolitical ceasefire prompts a broad market recovery,Negative,Utilities
Supply chain issues impact manufacturing sector earnings,,Consumer Goods
Manufacturing PMI data signals economic expansion,Neutral,Media & Entertainment
Consumer Discretionary stocks outperform as spending increases,Negative,Telecommunications
Central Bank's dovish tone hints at future rate cuts,Positive,Telecommunications
Dow Jones plunges as market fears recession,,Healthcare
Bond yields tumble as investors seek safe havens,Negative,Energy
Automotive industry faces headwinds from rising material costs,Neutral,Finance
Healthcare stocks gain on robust demand and strong outlook,Negative,Telecommunications
Major oil spill sends energy stocks plummeting,Positive,Consumer Goods
Healthcare stocks gain on robust demand and strong outlook,Negative,Pharmaceuticals
Major oil spill sends energy stocks plummeting,Neutral,Media & Entertainment
Gold prices surge as investors flee riskier assets,Neutral,Media & Entertainment
"Global trade talks collapse, causing market turmoil",Negative,Finance
A massive data breach sends a tech company's stock tumbling,Negative,Real Estate
New IPO for a popular software firm is oversubscribed,Positive,Aerospace & Defense
Consumer Discretionary stocks outperform as spending increases,Negative,Real Estate
Federal Reserve Chairman's speech causes market volatility,Neutral,Automotive
Record-high inflation data rattles investors,Negative,Transportation
Automotive industry faces headwinds from rising material costs,Neutral,Construction
Supply chain issues impact manufacturing sector earnings,Negative,Automotive
Nikkei 225 index benefits from a weaker yen,Neutral,Agriculture
Massive stock buyback program announced by a consumer goods company,Positive,Aerospace & Defense
Federal Reserve Chairman's speech causes market volatility,Negative,Healthcare
Supply chain issues impact manufacturing sector earnings,Negative,Healthcare
Consumer confidence index reaches a decade high,Neutral,Technology
Crude oil prices drop to a multi-year low,Neutral,Utilities
Mining company stock surges on commodity price boom,Neutral,Energy
Massive stock buyback program announced by a consumer goods company,Positive,Transportation
New housing data release shows a slowdown in market activity,Positive,Finance
Federal Reserve Chairman's speech causes market volatility,Neutral,Healthcare
Market sentiment turns positive on vaccine trial results,Neutral,Real Estate
Banking stocks dip after a major scandal is revealed,Neutral,Industrials
Financial sector bracing for new capital requirements,Negative,Finance
Media and Entertainment companies report a surge in streaming revenue,Positive,Materials
Merger talks between two banks fall through,Neutral,Technology
New housing data release shows a slowdown in market activity,Neutral,Retail
Utilities sector remains stable during market fluctuations,Neutral,Finance
Retail sales report surpasses all forecasts,Positive,Agriculture
Nikkei 225 index benefits from a weaker yen,Neutral,Materials
Massive stock buyback program announced by a consumer goods company,Neutral,Energy
Healthcare stocks gain on robust demand and strong outlook,Positive,Transportation
China's Shanghai Composite falls after new trade restrictions,Positive,Energy
Utilities sector remains stable during market fluctuations,Neutral,Retail
Consumer Discretionary stocks outperform as spending increases,Positive,Retail
Retail sales report surpasses all forecasts,Negative,Finance
Gold prices surge as investors flee riskier assets,Positive,Construction
Massive stock buyback program announced by a consumer goods company,Positive,Materials
UK's FTSE 100 sees a boost from favorable trade data,Positive,Retail
,Neutral,Pharmaceuticals
"Global trade talks collapse, causing market turmoil",Negative,Retail
Consumer confidence index reaches a decade high,Negative,Pharmaceuticals
,Negative,Finance
Geopolitical ceasefire prompts a broad market recovery,Positive,Aerospace & Defense
New IPO for a popular software firm is oversubscribed,Positive,Industrials
Healthcare stocks gain on robust demand and strong outlook,Positive,Media & Entertainment
Geopolitical ceasefire prompts a broad market recovery,Negative,Pharmaceuticals
Major technology firm acquires a smaller rival in a multi-billion dollar deal,Negative,Energy
,Neutral,Healthcare
UK's FTSE 100 sees a boost from favorable trade data,Neutral,Pharmaceuticals
Consumer confidence index reaches a decade high,Neutral,Construction
Retail sales report surpasses all forecasts,Negative,Media & Entertainment
Banking stocks dip after a major scandal is revealed,Neutral,Utilities
Crude oil prices drop to a multi-year low,Positive,Healthcare
Utilities sector remains stable during market fluctuations,Positive,Retail
Geopolitical ceasefire prompts a broad market recovery,Neutral,Telecommunications
Geopolitical ceasefire prompts a broad market recovery,Negative,Materials
UK's FTSE 100 sees a boost from favorable trade data,Positive,Materials
Merger talks between two banks fall through,Negative,Utilities
Healthcare stocks gain on robust demand and strong outlook,Neutral,Materials
Semiconductor shortages weigh heavily on tech sector profits,Positive,Construction
Real Estate sector shows signs of overheating as interest rates fall,,Transportation
Unexpected rise in unemployment fuels market pessimism,Neutral,Utilities
,Positive,Materials
Market sentiment turns positive on vaccine trial results,Neutral,Energy
Automotive industry faces headwinds from rising material costs,Negative,Materials
New housing data release shows a slowdown in market activity,Positive,Materials
Pharmaceutical company's drug approval drives stock upward,Neutral,Energy
E-commerce earnings report beats all analyst expectations,Neutral,Agriculture
Consumer confidence index reaches a decade high,Positive,Retail
"Global trade talks collapse, causing market turmoil",Positive,Utilities
Dow Jones plunges as market fears recession,Negative,Consumer Goods
Financial services stocks rally on strong profit margins,Positive,Retail
Energy company's dividend hike excites shareholders,,Automotive
UK's FTSE 100 sees a boost from favorable trade data,Neutral,Telecommunications
New regulations on cryptocurrencies cause a market dip,Negative,Real Estate
A massive data breach sends a tech company's stock tumbling,Positive,Energy
Consumer Discretionary stocks outperform as spending increases,,Real Estate
Financial services stocks rally on strong profit margins,Negative,Utilities
,Neutral,Consumer Goods
UK's FTSE 100 sees a boost from favorable trade data,Neutral,Healthcare
,Positive,Technology
New housing data release shows a slowdown in market activity,Positive,Materials
,Positive,Telecommunications
Supply chain issues impact manufacturing sector earnings,Positive,Construction
Financial services stocks rally on strong profit margins,Neutral,Technology
Market braces for a major policy announcement from the EU,Neutral,Healthcare
,Neutral,Retail
Central bank maintains status quo on interest rates,Negative,Media & Entertainment
New regulations on cryptocurrencies cause a market dip,Positive,Real Estate
Mining company stock surges on commodity price boom,Neutral,Agriculture
Quarterly report shows surprising losses for retail giants,Negative,Industrials
Dow Jones plunges as market fears recession,Neutral,Pharmaceuticals
Energy company's dividend hike excites shareholders,Neutral,Construction
Government subsidy program gives a lift to the agriculture sector,Neutral,Media & Entertainment
Energy company's dividend hike excites shareholders,Positive,Utilities
Semiconductor shortages weigh heavily on tech sector profits,Negative,Telecommunications
Merger talks between two banks fall through,,Technology
Pharmaceutical company's drug approval drives stock upward,Positive,Consumer Goods
Crude oil prices drop to a multi-year low,Positive,Materials
Healthcare stocks gain on robust demand and strong outlook,Negative,Materials
Record-high inflation data rattles investors,Negative,Automotive
ASX 200 gains on strong export performance,Negative,Healthcare
Aerospace and Defense sector sees rally amid geopolitical tensions,Negative,Transportation
Healthcare stocks gain on robust demand and strong outlook,Neutral,Automotive
Market sentiment turns positive on vaccine trial results,Negative,Utilities
New IPO for a popular software firm is oversubscribed,Negative,Healthcare
,Neutral,Media & Entertainment
Automotive industry faces headwinds from rising material costs,Neutral,Energy
Bond yields tumble as investors seek safe havens,Neutral,Finance
Healthcare stocks gain on robust demand and strong outlook,Positive,Construction
Record-high inflation data rattles investors,Negative,Consumer Goods
Major oil spill sends energy stocks plummeting,Positive,Construction
New IPO for a popular software firm is oversubscribed,Negative,Aerospace & Defense
Nikkei 225 index benefits from a weaker yen,Negative,Retail
Government policy shift boosts renewable energy sector,,Agriculture
Semiconductor shortages weigh heavily on tech sector profits,Negative,Healthcare
Central Bank's dovish tone hints at future rate cuts,,Automotive
Market sentiment turns positive on vaccine trial results,Positive,Materials
New housing data release shows a slowdown in market activity,Neutral,Technology
Banking stocks dip after a major scandal is revealed,Positive,Media & Entertainment
Government spending bill is expected to stimulate the economy,Positive,Consumer Goods
Consumer confidence index reaches a decade high,Neutral,Materials
"Global trade talks collapse, causing market turmoil",Neutral,Construction
Pharmaceutical company's drug approval drives stock upward,Positive,Energy
Manufacturing PMI data signals economic expansion,Negative,Media & Entertainment
New IPO for a popular software firm is oversubscribed,Positive,Aerospace & Defense
Record-high inflation data rattles investors,Negative,Finance
Quarterly report shows surprising losses for retail giants,Positive,Energy
Retail sales report surpasses all forecasts,Negative,Construction
Central Bank Governor signals potential shift in policy,Negative,Media & Entertainment
Semiconductor shortages weigh heavily on tech sector profits,Positive,Technology
Record-high inflation data rattles investors,Negative,Technology
Quarterly report shows surprising losses for retail giants,Positive,Media & Entertainment
Semiconductor shortages weigh heavily on tech sector profits,Negative,Consumer Goods
Unexpected rise in unemployment fuels market pessimism,Negative,Telecommunications
Banking stocks dip after a major scandal is revealed,Negative,Consumer Goods
,Negative,Agriculture
New IPO for a popular software firm is oversubscribed,Neutral,Real Estate
Government subsidy program gives a lift to the agriculture sector,Neutral,Pharmaceuticals
Financial sector bracing for new capital requirements,Neutral,Agriculture
Manufacturing PMI data signals economic expansion,Negative,Utilities
UK's FTSE 100 sees a boost from favorable trade data,Negative,Materials
Consumer confidence index reaches a decade high,Neutral,Energy
,,Aerospace & Defense
China's Shanghai Composite falls after new trade restrictions,Neutral,Technology
Semiconductor shortages weigh heavily on tech sector profits,Positive,Telecommunications
New IPO for a popular software firm is oversubscribed,Neutral,Real Estate
Dow Jones plunges as market fears recession,Neutral,Retail
Dow Jones plunges as market fears recession,Neutral,Transportation
Federal Reserve Chairman's speech causes market volatility,Neutral,Automotive
Consumer confidence index reaches a decade high,Negative,Automotive
Government policy shift boosts renewable energy sector,Neutral,Media & Entertainment
Government policy shift boosts renewable energy sector,Neutral,Transportation
New housing data release shows a slowdown in market activity,Neutral,Utilities
Market braces for a major policy announcement from the EU,Negative,Real Estate
Energy company's dividend hike excites shareholders,Negative,Automotive
Central Bank's dovish tone hints at future rate cuts,Neutral,Finance
A massive data breach sends a tech company's stock tumbling,Neutral,Transportation
E-commerce earnings report beats all analyst expectations,Positive,Construction
Market braces for a major policy announcement from the EU,,Media & Entertainment
Crude oil prices drop to a multi-year low,Positive,Media & Entertainment
New housing data release shows a slowdown in market activity,,Transportation
Mining company stock surges on commodity price boom,Neutral,Telecommunications
Geopolitical ceasefire prompts a broad market recovery,Neutral,Aerospace & Defense
,Negative,Finance
Manufacturing PMI data signals economic expansion,Positive,Technology
Government subsidy program gives a lift to the agriculture sector,Neutral,Aerospace & Defense
Financial services stocks rally on strong profit margins,Negative,Technology
Real Estate sector shows signs of overheating as interest rates fall,Neutral,Utilities
Supply chain issues impact manufacturing sector earnings,Positive,Healthcare
Consumer Discretionary stocks outperform as spending increases,Neutral,Transportation
ASX 200 gains on strong export performance,Neutral,Technology
Aerospace and Defense sector sees rally amid geopolitical tensions,Neutral,Telecommunications
Real Estate sector shows signs of overheating as interest rates fall,Negative,Healthcare
Geopolitical ceasefire prompts a broad market recovery,Neutral,Media & Entertainment
Real Estate sector shows signs of overheating as interest rates fall,Negative,Technology
E-commerce earnings report beats all analyst expectations,Positive,Industrials
Tech Giant's New Product Launch Sparks Sector-Wide Gains,Negative,Retail
Mining company stock surges on commodity price boom,Positive,Media & Entertainment
ASX 200 gains on strong export performance,Negative,Retail
Gold prices surge as investors flee riskier assets,Neutral,Healthcare
New regulations on cryptocurrencies cause a market dip,Negative,Media & Entertainment
Market sentiment turns positive on vaccine trial results,Neutral,Construction
,Neutral,Pharmaceuticals
Record-high inflation data rattles investors,Neutral,Energy
Major technology firm acquires a smaller rival in a multi-billion dollar deal,,Consumer Goods
Major oil spill sends energy stocks plummeting,Positive,Materials
Major oil spill sends energy stocks plummeting,Negative,Consumer Goods
Market braces for a major policy announcement from the EU,Positive,Real Estate
Financial services stocks rally on strong profit margins,Positive,Agriculture
Unexpected rise in unemployment fuels market pessimism,Negative,Consumer Goods
Major oil spill sends energy stocks plummeting,Negative,Automotive
Gold prices surge as investors flee riskier assets,Positive,Finance
Pharmaceutical company's drug approval drives stock upward,Negative,Consumer Goods
Banking stocks dip after a major scandal is revealed,Neutral,Industrials
Aerospace and Defense sector sees rally amid geopolitical tensions,Negative,Pharmaceuticals
Government spending bill is expected to stimulate the economy,Neutral,Technology
Real Estate sector shows signs of overheating as interest rates fall,Positive,Finance
Semiconductor shortages weigh heavily on tech sector profits,Negative,Agriculture
Dow Jones plunges as market fears recession,Positive,Technology
Major technology firm acquires a smaller rival in a multi-billion dollar deal,Negative,Telecommunications
E-commerce earnings report beats all analyst expectations,Negative,Agriculture
Massive stock buyback program announced by a consumer goods company,Positive,Technology
Aerospace and Defense sector sees rally amid geopolitical tensions,Neutral,Media & Entertainment
Automotive industry faces headwinds from rising material costs,Neutral,Transportation
Central bank maintains status quo on interest rates,,Telecommunications
"Global trade talks collapse, causing market turmoil",Positive,Automotive
Crude oil prices drop to a multi-year low,Neutral,Pharmaceuticals
Utilities sector remains stable during market fluctuations,Neutral,Finance
Energy company's dividend hike excites shareholders,Negative,Agriculture
A massive data breach sends a tech company's stock tumbling,Positive,Telecommunications
Real Estate sector shows signs of overheating as interest rates fall,Positive,Automotive
Healthcare stocks gain on robust demand and strong outlook,Neutral,Materials
,Positive,Healthcare
ASX 200 gains on strong export performance,Positive,Transportation
Real Estate sector shows signs of overheating as interest rates fall,Negative,Agriculture
UK's FTSE 100 sees a boost from favorable trade data,Neutral,Finance
Geopolitical ceasefire prompts a broad market recovery,Positive,Media & Entertainment
Media and Entertainment companies report a surge in streaming revenue,Negative,Real Estate
Dow Jones plunges as market fears recession,Neutral,Industrials
Crude oil prices drop to a multi-year low,Neutral,Technology
Market sentiment turns positive on vaccine trial results,Neutral,Aerospace & Defense
Government subsidy program gives a lift to the agriculture sector,Positive,Technology
New regulations on cryptocurrencies cause a market dip,Positive,Healthcare
China's Shanghai Composite falls after new trade restrictions,Positive,Transportation
Real Estate sector shows signs of overheating as interest rates fall,Neutral,Construction
Merger talks between two banks fall through,Positive,Construction
A massive data breach sends a tech company's stock tumbling,Negative,Agriculture
Government subsidy program gives a lift to the agriculture sector,Negative,Automotive
Utilities sector remains stable during market fluctuations,Negative,Retail
Crude oil prices drop to a multi-year low,Negative,Pharmaceuticals
Manufacturing PMI data signals economic expansion,Neutral,Finance
Central Bank's dovish tone hints at future rate cuts,Negative,Utilities
Record-high inflation data rattles investors,Neutral,Finance
Energy company's dividend hike excites shareholders,Negative,Real Estate
Market braces for a major policy announcement from the EU,Positive,Agriculture
Media and Entertainment companies report a surge in streaming revenue,Negative,Media & Entertainment
"Global trade talks collapse, causing market turmoil",Neutral,Consumer Goods
Central Bank Governor signals potential shift in policy,Negative,Industrials
Tech Giant's New Product Launch Sparks Sector-Wide Gains,Negative,Construction
,Positive,Transportation
Financial services stocks rally on strong profit margins,Neutral,Aerospace & Defense
ASX 200 gains on strong export performance,Neutral,Finance
Market sentiment turns positive on vaccine trial results,,Pharmaceuticals
Tech Giant's New Product Launch Sparks Sector-Wide Gains,Positive,Industrials
Market braces for a major policy announcement from the EU,Positive,Energy
Federal Reserve Chairman's speech causes market volatility,Negative,Energy
China's Shanghai Composite falls after new trade restrictions,Positive,Technology
Energy company's dividend hike excites shareholders,Negative,Automotive
Crude oil prices drop to a multi-year low,Negative,Media & Entertainment
Record-high inflation data rattles investors,Negative,Technology
Pharmaceutical company's drug approval drives stock upward,Negative,Consumer Goods
E-commerce earnings report beats all analyst expectations,Negative,Retail
Consumer Discretionary stocks outperform as spending increases,Positive,Utilities
E-commerce earnings report beats all analyst expectations,Neutral,Transportation
Automotive industry faces headwinds from rising material costs,Negative,Healthcare
Major oil spill sends energy stocks plummeting,Neutral,Media & Entertainment
ASX 200 gains on strong export performance,Negative,Agriculture
Consumer confidence index reaches a decade high,Neutral,Pharmaceuticals
Financial services stocks rally on strong profit margins,Neutral,Consumer Goods
Energy company's dividend hike excites shareholders,Negative,Real Estate
Semiconductor shortages weigh heavily on tech sector profits,Negative,Healthcare
Aerospace and Defense sector sees rally amid geopolitical tensions,Neutral,Automotive
E-commerce earnings report beats all analyst expectations,Negative,Transportation
Financial services stocks rally on strong profit margins,Positive,Retail
,Positive,Utilities
Mining company stock surges on commodity price boom,Negative,Industrials
Mining company stock surges on commodity price boom,Neutral,Retail
Aerospace and Defense sector sees rally amid geopolitical tensions,Neutral,Automotive
Retail sales report surpasses all forecasts,Positive,Media & Entertainment
Manufacturing PMI data signals economic expansion,Positive,Telecommunications
Central Bank Governor signals potential shift in policy,Neutral,Materials
Gold prices surge as investors flee riskier assets,Neutral,Technology
Manufacturing PMI data signals economic expansion,,Retail
Manufacturing PMI data signals economic expansion,Positive,Materials
,Neutral,Finance
New IPO for a popular software firm is oversubscribed,Negative,Finance
Consumer Discretionary stocks outperform as spending increases,Positive,Technology
Financial sector bracing for new capital requirements,Positive,Consumer Goods
,Neutral,Agriculture
Financial services stocks rally on strong profit margins,Negative,Real Estate
China's Shanghai Composite falls after new trade restrictions,Negative,Finance
Market sentiment turns positive on vaccine trial results,Neutral,Media & Entertainment
Nikkei 225 index benefits from a weaker yen,Neutral,Technology
Gold prices surge as investors flee riskier assets,,Pharmaceuticals
Government spending bill is expected to stimulate the economy,Positive,Retail
Federal Reserve Chairman's speech causes market volatility,Positive,Agriculture
Mining company stock surges on commodity price boom,Positive,Aerospace & Defense
Tech Giant's New Product Launch Sparks Sector-Wide Gains,Neutral,Consumer Goods
Federal Reserve Chairman's speech causes market volatility,Positive,Real Estate
Unexpected rise in unemployment fuels market pessimism,Neutral,Real Estate
Government policy shift boosts renewable energy sector,,Technology
Semiconductor shortages weigh heavily on tech sector profits,Positive,Telecommunications
New regulations on cryptocurrencies cause a market dip,Negative,Construction
"Global trade talks collapse, causing market turmoil",Positive,Energy
,Positive,Retail
Semiconductor shortages weigh heavily on tech sector profits,Neutral,Industrials
Major oil spill sends energy stocks plummeting,Positive,Agriculture
Market sentiment turns positive on vaccine trial results,Neutral,Retail
Central Bank's dovish tone hints at future rate cuts,Positive,Pharmaceuticals
Federal Reserve Chairman's speech causes market volatility,Neutral,Agriculture
Market sentiment turns positive on vaccine trial results,Positive,Retail
Market sentiment turns positive on vaccine trial results,Neutral,Transportation
Nikkei 225 index benefits from a weaker yen,Negative,Retail
E-commerce earnings report beats all analyst expectations,Negative,Healthcare
Government spending bill is expected to stimulate the economy,Positive,Transportation
,Negative,Materials
Government policy shift boosts renewable energy sector,Positive,Real Estate
,Negative,Media & Entertainment
Central Bank's dovish tone hints at future rate cuts,Positive,Consumer Goods
UK's FTSE 100 sees a boost from favorable trade data,Neutral,Construction
New regulations on cryptocurrencies cause a market dip,Positive,Technology
Federal Reserve Chairman's speech causes market volatility,Neutral,Energy
ASX 200 gains on strong export performance,,Consumer Goods
Geopolitical ceasefire prompts a broad market recovery,Positive,Agriculture
Dow Jones plunges as market fears recession,Neutral,Consumer Goods
Central Bank Governor signals potential shift in policy,Neutral,Telecommunications
Market braces for a major policy announcement from the EU,Neutral,Finance
Tech Giant's New Product Launch Sparks Sector-Wide Gains,Neutral,Agriculture
Financial sector bracing for new capital requirements,Negative,Technology
Consumer Discretionary stocks outperform as spending increases,Negative,Materials
Media and Entertainment companies report a surge in streaming revenue,,Pharmaceuticals
Merger talks between two banks fall through,Positive,Aerospace & Defense
Real Estate sector shows signs of overheating as interest rates fall,Negative,Telecommunications
Consumer Discretionary stocks outperform as spending increases,Positive,Telecommunications
New IPO for a popular software firm is oversubscribed,Negative,Construction
Tech Giant's New Product Launch Sparks Sector-Wide Gains,Positive,Agriculture
Utilities sector remains stable during market fluctuations,Negative,Agriculture
Mining company stock surges on commodity price boom,Neutral,Real Estate
Healthcare stocks gain on robust demand and strong outlook,Neutral,Technology
Media and Entertainment companies report a surge in streaming revenue,Negative,Real Estate
China's Shanghai Composite falls after new trade restrictions,Positive,Utilities
Banking stocks dip after a major scandal is revealed,Negative,Construction
Banking stocks dip after a major scandal is revealed,Negative,Aerospace & Defense
Consumer Discretionary stocks outperform as spending increases,Negative,Consumer Goods
Supply chain issues impact manufacturing sector earnings,Positive,Industrials
ASX 200 gains on strong export performance,Neutral,Construction
Central Bank's dovish tone hints at future rate cuts,Neutral,Pharmaceuticals
ASX 200 gains on strong export performance,Negative,Telecommunications
Real Estate sector shows signs of overheating as interest rates fall,Neutral,Agriculture
Real Estate sector shows signs of overheating as interest rates fall,Positive,Technology
Automotive industry faces headwinds from rising material costs,Positive,Aerospace & Defense
Tech Giant's New Product Launch Sparks Sector-Wide Gains,Neutral,Aerospace & Defense
Media and Entertainment companies report a surge in streaming revenue,Negative,Healthcare
Merger talks between two banks fall through,Neutral,Aerospace & Defense
Merger talks between two banks fall through,Positive,Finance
ASX 200 gains on strong export performance,Positive,Utilities
Automotive industry faces headwinds from rising material costs,Positive,Automotive
Financial sector bracing for new capital requirements,Neutral,Technology
Major technology firm acquires a smaller rival in a multi-billion dollar deal,Negative,Industrials
E-commerce earnings report beats all analyst expectations,Positive,Finance
New IPO for a popular software firm is oversubscribed,Neutral,Construction
Pharmaceutical company's drug approval drives stock upward,Neutral,Healthcare
Unexpected rise in unemployment fuels market pessimism,Positive,Aerospace & Defense
Media and Entertainment companies report a surge in streaming revenue,Negative,Agriculture
Manufacturing PMI data signals economic expansion,Positive,Consumer Goods
Market sentiment turns positive on vaccine trial results,Negative,Automotive
New IPO for a popular software firm is oversubscribed,Negative,Technology
Central Bank's dovish tone hints at future rate cuts,Neutral,Finance
"Global trade talks collapse, causing market turmoil",Negative,Industrials
Market sentiment turns positive on vaccine trial results,Neutral,Industrials
Government spending bill is expected to stimulate the economy,Neutral,Transportation
Manufacturing PMI data signals economic expansion,Negative,Media & Entertainment
Real Estate sector shows signs of overheating as interest rates fall,Neutral,Transportation
China's Shanghai Composite falls after new trade restrictions,Positive,Media & Entertainment
New regulations on cryptocurrencies cause a market dip,Neutral,Healthcare
Dow Jones plunges as market fears recession,Positive,Technology
Government subsidy program gives a lift to the agriculture sector,Positive,Healthcare
Healthcare stocks gain on robust demand and strong outlook,Negative,Aerospace & Defense
Semiconductor shortages weigh heavily on tech sector profits,Neutral,Finance
Market braces for a major policy announcement from the EU,Neutral,Agriculture
New IPO for a popular software firm is oversubscribed,,Materials
,Negative,Aerospace & Defense
Record-high inflation data rattles investors,Negative,Telecommunications
Major technology firm acquires a smaller rival in a multi-billion dollar deal,Negative,Healthcare
E-commerce earnings report beats all analyst expectations,Negative,Industrials
UK's FTSE 100 sees a boost from favorable trade data,Neutral,Media & Entertainment
Supply chain issues impact manufacturing sector earnings,Neutral,Aerospace & Defense
Manufacturing PMI data signals economic expansion,Neutral,Energy
New IPO for a popular software firm is oversubscribed,Positive,Energy
Market braces for a major policy announcement from the EU,Negative,Real Estate
Media and Entertainment companies report a surge in streaming revenue,Neutral,Agriculture
Retail sales report surpasses all forecasts,Neutral,Technology
Banking stocks dip after a major scandal is revealed,Negative,Energy
"Global trade talks collapse, causing market turmoil",Negative,Retail
Utilities sector remains stable during market fluctuations,Neutral,Automotive
"Global trade talks collapse, causing market turmoil",Positive,Finance
Massive stock buyback program announced by a consumer goods company,,Telecommunications
Central bank maintains status quo on interest rates,Positive,Consumer Goods
Government spending bill is expected to stimulate the economy,Neutral,Retail
Banking stocks dip after a major scandal is revealed,Neutral,Materials
A massive data breach sends a tech company's stock tumbling,Negative,Materials
Consumer confidence index reaches a decade high,Positive,Energy
New housing data release shows a slowdown in market activity,Neutral,Media & Entertainment
Energy company's dividend hike excites shareholders,Negative,Utilities
Major technology firm acquires a smaller rival in a multi-billion dollar deal,Negative,Retail
Government policy shift boosts renewable energy sector,Positive,Automotive
Market braces for a major policy announcement from the EU,Neutral,Healthcare
Automotive industry faces headwinds from rising material costs,Neutral,Energy
Energy company's dividend hike excites shareholders,Negative,Transportation
Market sentiment turns positive on vaccine trial results,Negative,Utilities
A massive data breach sends a tech company's stock tumbling,Negative,Real Estate
E-commerce earnings report beats all analyst expectations,Positive,Transportation
Utilities sector remains stable during market fluctuations,Positive,Finance
Media and Entertainment companies report a surge in streaming revenue,Negative,Transportation
Tech Giant's New Product Launch Sparks Sector-Wide Gains,Neutral,Consumer Goods
Mining company stock surges on commodity price boom,Neutral,Finance
Government subsidy program gives a lift to the agriculture sector,Neutral,Finance
Manufacturing PMI data signals economic expansion,Neutral,Automotive
,Negative,Telecommunications
Government spending bill is expected to stimulate the economy,Neutral,Healthcare
ASX 200 gains on strong export performance,,Retail
Media and Entertainment companies report a surge in streaming revenue,Negative,Telecommunications
Merger talks between two banks fall through,Neutral,Utilities
Retail sales report surpasses all forecasts,Positive,Materials
Consumer confidence index reaches a decade high,Neutral,Media & Entertainment
Automotive industry faces headwinds from rising material costs,Negative,Real Estate
,Positive,Real Estate
Government subsidy program gives a lift to the agriculture sector,,Healthcare
Media and Entertainment companies report a surge in streaming revenue,Positive,Automotive
Tech Giant's New Product Launch Sparks Sector-Wide Gains,Positive,Retail
Crude oil prices drop to a multi-year low,Negative,Technology
Merger talks between two banks fall through,Positive,Consumer Goods
Semiconductor shortages weigh heavily on tech sector profits,Positive,Agriculture
Massive stock buyback program announced by a consumer goods company,Positive,Retail
Government subsidy program gives a lift to the agriculture sector,,Utilities
Bond yields tumble as investors seek safe havens,Negative,Utilities
UK's FTSE 100 sees a boost from favorable trade data,Positive,Materials
Semiconductor shortages weigh heavily on tech sector profits,Negative,Utilities
Financial sector bracing for new capital requirements,Negative,Industrials
UK's FTSE 100 sees a boost from favorable trade data,Positive,Retail
Banking stocks dip after a major scandal is revealed,Positive,Transportation
Crude oil prices drop to a multi-year low,,Real Estate
Nikkei 225 index benefits from a weaker yen,Negative,Media & Entertainment
Major technology firm acquires a smaller rival in a multi-billion dollar deal,Neutral,Aerospace & Defense
Government spending bill is expected to stimulate the economy,Positive,Telecommunications
Tech Giant's New Product Launch Sparks Sector-Wide Gains,Positive,Transportation
E-commerce earnings report beats all analyst expectations,Negative,Real Estate
Healthcare stocks gain on robust demand and strong outlook,Negative,Healthcare
New housing data release shows a slowdown in market activity,Positive,Technology
Market sentiment turns positive on vaccine trial results,Negative,Construction
Nikkei 225 index benefits from a weaker yen,Negative,Industrials
Automotive industry faces headwinds from rising material costs,Negative,Agriculture
Consumer Discretionary stocks outperform as spending increases,Positive,Utilities
Aerospace and Defense sector sees rally amid geopolitical tensions,Positive,Automotive
Consumer confidence index reaches a decade high,,Consumer Goods
Government spending bill is expected to stimulate the economy,Positive,Healthcare
A massive data breach sends a tech company's stock tumbling,Neutral,Retail
Semiconductor shortages weigh heavily on tech sector profits,Positive,Pharmaceuticals
Automotive industry faces headwinds from rising material costs,Positive,Consumer Goods
New housing data release shows a slowdown in market activity,Positive,Telecommunications
Geopolitical ceasefire prompts a broad market recovery,Negative,Aerospace & Defense
New housing data release shows a slowdown in market activity,Neutral,Pharmaceuticals
Major technology firm acquires a smaller rival in a multi-billion dollar deal,Neutral,Pharmaceuticals
Unexpected rise in unemployment fuels market pessimism,,Technology
Government subsidy program gives a lift to the agriculture sector,Neutral,Industrials
Financial sector bracing for new capital requirements,,Agriculture
Banking stocks dip after a major scandal is revealed,Negative,Industrials
New IPO for a popular software firm is oversubscribed,Positive,Technology
UK's FTSE 100 sees a boost from favorable trade data,Neutral,Agriculture
Automotive industry faces headwinds from rising material costs,Positive,Utilities
China's Shanghai Composite falls after new trade restrictions,Negative,Real Estate
E-commerce earnings report beats all analyst expectations,Neutral,Aerospace & Defense
Bond yields tumble as investors seek safe havens,Neutral,Pharmaceuticals
Geopolitical ceasefire prompts a broad market recovery,Negative,Industrials
,Positive,Utilities
Market sentiment turns positive on vaccine trial results,Neutral,Technology
Energy company's dividend hike excites shareholders,Negative,Consumer Goods
Mining company stock surges on commodity price boom,Positive,Transportation
Mining company stock surges on commodity price boom,Negative,Construction
New housing data release shows a slowdown in market activity,Neutral,Automotive
Media and Entertainment companies report a surge in streaming revenue,Neutral,Aerospace & Defense
Financial sector bracing for new capital requirements,Negative,Energy
Consumer Discretionary stocks outperform as spending increases,Negative,Transportation
Market braces for a major policy announcement from the EU,Neutral,Transportation
Energy company's dividend hike excites shareholders,Positive,Transportation
Central bank maintains status quo on interest rates,Neutral,Automotive
Banking stocks dip after a major scandal is revealed,Negative,Agriculture
E-commerce earnings report beats all analyst expectations,Positive,Retail
Healthcare stocks gain on robust demand and strong outlook,Positive,Real Estate
Consumer Discretionary stocks outperform as spending increases,Neutral,Automotive
ASX 200 gains on strong export performance,Neutral,Construction
Aerospace and Defense sector sees rally amid geopolitical tensions,Positive,Healthcare
Nikkei 225 index benefits from a weaker yen,Positive,Healthcare
Mining company stock surges on commodity price boom,Negative,Telecommunications
Geopolitical ceasefire prompts a broad market recovery,Negative,Consumer Goods
Central Bank's dovish tone hints at future rate cuts,Negative,Utilities
Government policy shift boosts renewable energy sector,Negative,Technology
Manufacturing PMI data signals economic expansion,Positive,Media & Entertainment
Central Bank Governor signals potential shift in policy,Negative,Energy
Banking stocks dip after a major scandal is revealed,Negative,Technology
New IPO for a popular software firm is oversubscribed,Neutral,Consumer Goods
Bond yields tumble as investors seek safe havens,Neutral,Automotive
Geopolitical ceasefire prompts a broad market recovery,Positive,Technology
Automotive industry faces headwinds from rising material costs,Neutral,Construction
Retail sales report surpasses all forecasts,Positive,Energy
Healthcare stocks gain on robust demand and strong outlook,Neutral,Utilities
Major technology firm acquires a smaller rival in a multi-billion dollar deal,Neutral,Transportation
Retail sales report surpasses all forecasts,Neutral,Real Estate
Consumer confidence index reaches a decade high,Positive,Technology
Government subsidy program gives a lift to the agriculture sector,Positive,Materials
"Global trade talks collapse, causing market turmoil",,Agriculture
Unexpected rise in unemployment fuels market pessimism,Neutral,Finance
Aerospace and Defense sector sees rally amid geopolitical tensions,Negative,Industrials
New IPO for a popular software firm is oversubscribed,Negative,Aerospace & Defense
UK's FTSE 100 sees a boost from favorable trade data,Negative,Consumer Goods
Aerospace and Defense sector sees rally amid geopolitical tensions,Positive,Materials
Financial services stocks rally on strong profit margins,Negative,Pharmaceuticals
Dow Jones plunges as market fears recession,Negative,Utilities
Financial sector bracing for new capital requirements,Negative,Retail
Major technology firm acquires a smaller rival in a multi-billion dollar deal,Neutral,Industrials
,Neutral,Automotive
Federal Reserve Chairman's speech causes market volatility,Positive,Real Estate
Government subsidy program gives a lift to the agriculture sector,Negative,Healthcare
Massive stock buyback program announced by a consumer goods company,Negative,Technology
Automotive industry faces headwinds from rising material costs,Negative,Industrials
,Negative,Materials
Consumer confidence index reaches a decade high,Neutral,Agriculture
Financial sector bracing for new capital requirements,Neutral,Materials
Mining company stock surges on commodity price boom,Neutral,Utilities
Supply chain issues impact manufacturing sector earnings,Positive,Consumer Goods
Unexpected rise in unemployment fuels market pessimism,Neutral,Healthcare
Consumer Discretionary stocks outperform as spending increases,Neutral,Materials
Manufacturing PMI data signals economic expansion,Positive,Telecommunications
,,Finance
E-commerce earnings report beats all analyst expectations,Positive,Materials
Real Estate sector shows signs of overheating as interest rates fall,Positive,Aerospace & Defense
Central Bank Governor signals potential shift in policy,Negative,Energy
Market braces for a major policy announcement from the EU,Negative,Real Estate
Aerospace and Defense sector sees rally amid geopolitical tensions,Positive,Real Estate
Manufacturing PMI data signals economic expansion,Neutral,Consumer Goods
Utilities sector remains stable during market fluctuations,Positive,Energy
A massive data breach sends a tech company's stock tumbling,Neutral,Automotive
Massive stock buyback program announced by a consumer goods company,Neutral,Pharmaceuticals
China's Shanghai Composite falls after new trade restrictions,Negative,Automotive
Energy company's dividend hike excites shareholders,Positive,Transportation
Major oil spill sends energy stocks plummeting,Positive,Construction
,Positive,Materials
Record-high inflation data rattles investors,Negative,Pharmaceuticals
Healthcare stocks gain on robust demand and strong outlook,Negative,Utilities
Manufacturing PMI data signals economic expansion,Neutral,Retail
Geopolitical ceasefire prompts a broad market recovery,Positive,Construction
UK's FTSE 100 sees a boost from favorable trade data,Negative,Utilities
Semiconductor shortages weigh heavily on tech sector profits,Neutral,Automotive
Consumer Discretionary stocks outperform as spending increases,Neutral,Industrials
Automotive industry faces headwinds from rising material costs,Positive,Materials
Nikkei 225 index benefits from a weaker yen,Negative,Agriculture
Central Bank Governor signals potential shift in policy,Negative,Healthcare
Media and Entertainment companies report a surge in streaming revenue,Neutral,Utilities
"Global trade talks collapse, causing market turmoil",Negative,Technology
Quarterly report shows surprising losses for retail giants,Neutral,Industrials
Supply chain issues impact manufacturing sector earnings,Positive,Pharmaceuticals
New housing data release shows a slowdown in market activity,Neutral,Materials
Government spending bill is expected to stimulate the economy,Negative,Real Estate
Consumer Discretionary stocks outperform as spending increases,Negative,Energy
Government spending bill is expected to stimulate the economy,Neutral,Transportation
E-commerce earnings report beats all analyst expectations,Positive,Materials
Utilities sector remains stable during market fluctuations,Neutral,Materials
Unexpected rise in unemployment fuels market pessimism,Neutral,Healthcare
Media and Entertainment companies report a surge in streaming revenue,Negative,Media & Entertainment
Gold prices surge as investors flee riskier assets,Neutral,Pharmaceuticals
ASX 200 gains on strong export performance,Positive,Aerospace & Defense
Government subsidy program gives a lift to the agriculture sector,Positive,Agriculture
Major oil spill sends energy stocks plummeting,Negative,Utilities
Unexpected rise in unemployment fuels market pessimism,Positive,Finance
Unexpected rise in unemployment fuels market pessimism,Negative,Finance
Market sentiment turns positive on vaccine trial results,Negative,Aerospace & Defense
Gold prices surge as investors flee riskier assets,,Technology
New IPO for a popular software firm is oversubscribed,Negative,Telecommunications
,Positive,Automotive
Real Estate sector shows signs of overheating as interest rates fall,Positive,Real Estate
Financial sector bracing for new capital requirements,Negative,Aerospace & Defense
Bond yields tumble as investors seek safe havens,Positive,Automotive
E-commerce earnings report beats all analyst expectations,Neutral,Materials
E-commerce earnings report beats all analyst expectations,Neutral,Retail
New regulations on cryptocurrencies cause a market dip,Negative,Agriculture
Record-high inflation data rattles investors,Negative,Transportation
Market braces for a major policy announcement from the EU,Negative,Construction
UK's FTSE 100 sees a boost from favorable trade data,Negative,Transportation
UK's FTSE 100 sees a boost from favorable trade data,Negative,Finance
A massive data breach sends a tech company's stock tumbling,Negative,Retail
A massive data breach sends a tech company's stock tumbling,Neutral,Retail
Dow Jones plunges as market fears recession,Negative,Healthcare
Gold prices surge as investors flee riskier assets,Negative,Agriculture
Nikkei 225 index benefits from a weaker yen,Neutral,Industrials
Quarterly report shows surprising losses for retail giants,,Automotive
Geopolitical ceasefire prompts a broad market recovery,Negative,Energy
Tech Giant's New Product Launch Sparks Sector-Wide Gains,Negative,Finance
China's Shanghai Composite falls after new trade restrictions,Positive,Technology
Central Bank's dovish tone hints at future rate cuts,Negative,Consumer Goods
China's Shanghai Composite falls after new trade restrictions,Neutral,Retail
Financial sector bracing for new capital requirements,Positive,Aerospace & Defense
A massive data breach sends a tech company's stock tumbling,Negative,Finance
Consumer Discretionary stocks outperform as spending increases,Negative,Materials
Banking stocks dip after a major scandal is revealed,Positive,Consumer Goods
Merger talks between two banks fall through,Positive,Industrials
Federal Reserve Chairman's speech causes market volatility,Neutral,Healthcare
Financial sector bracing for new capital requirements,Neutral,Aerospace & Defense
Real Estate sector shows signs of overheating as interest rates fall,Positive,Transportation
Real Estate sector shows signs of overheating as interest rates fall,Positive,Energy
Market sentiment turns positive on vaccine trial results,Negative,Finance
,Negative,Finance
E-commerce earnings report beats all analyst expectations,Negative,Utilities
Geopolitical ceasefire prompts a broad market recovery,Neutral,Aerospace & Defense
Utilities sector remains stable during market fluctuations,Positive,Automotive
Tech Giant's New Product Launch Sparks Sector-Wide Gains,Positive,Real Estate
Financial sector bracing for new capital requirements,Neutral,Materials
Massive stock buyback program announced by a consumer goods company,Positive,Agriculture
Quarterly report shows surprising losses for retail giants,Neutral,Technology
Automotive industry faces headwinds from rising material costs,Positive,Media & Entertainment
Mining company stock surges on commodity price boom,Positive,Industrials
Central Bank's dovish tone hints at future rate cuts,Neutral,Pharmaceuticals
Massive stock buyback program announced by a consumer goods company,Neutral,Telecommunications
Quarterly report shows surprising losses for retail giants,Positive,Agriculture
Central Bank's dovish tone hints at future rate cuts,Negative,Automotive
New regulations on cryptocurrencies cause a market dip,Neutral,Transportation
Bond yields tumble as investors seek safe havens,Negative,Transportation
Utilities sector remains stable during market fluctuations,Neutral,Retail
Semiconductor shortages weigh heavily on tech sector profits,Negative,Telecommunications
Unexpected rise in unemployment fuels market pessimism,Positive,Media & Entertainment
Automotive industry faces headwinds from rising material costs,,Healthcare
Central Bank's dovish tone hints at future rate cuts,Neutral,Industrials
Mining company stock surges on commodity price boom,Neutral,Healthcare
Geopolitical ceasefire prompts a broad market recovery,Negative,Automotive
Geopolitical ceasefire prompts a broad market recovery,Neutral,Energy
Healthcare stocks gain on robust demand and strong outlook,Negative,Materials
Energy company's dividend hike excites shareholders,Negative,Materials
Dow Jones plunges as market fears recession,Negative,Automotive
China's Shanghai Composite falls after new trade restrictions,Neutral,Automotive
Retail sales report surpasses all forecasts,Negative,Materials
Market sentiment turns positive on vaccine trial results,Positive,Healthcare
Real Estate sector shows signs of overheating as interest rates fall,Neutral,Automotive
Mining company stock surges on commodity price boom,Negative,Energy
Semiconductor shortages weigh heavily on tech sector profits,Negative,Healthcare
Merger talks between two banks fall through,Positive,Construction
Retail sales report surpasses all forecasts,Positive,Automotive
Nikkei 225 index benefits from a weaker yen,Positive,Media & Entertainment
New housing data release shows a slowdown in market activity,Negative,Utilities
Semiconductor shortages weigh heavily on tech sector profits,Positive,Construction
Automotive industry faces headwinds from rising material costs,Positive,Aerospace & Defense
Media and Entertainment companies report a surge in streaming revenue,,Consumer Goods
Government subsidy program gives a lift to the agriculture sector,Neutral,Telecommunications
ASX 200 gains on strong export performance,Neutral,Retail
Automotive industry faces headwinds from rising material costs,Negative,Retail
Tech Giant's New Product Launch Sparks Sector-Wide Gains,Neutral,Industrials
Government spending bill is expected to stimulate the economy,Neutral,Aerospace & Defense
Government spending bill is expected to stimulate the economy,Negative,Telecommunications
Pharmaceutical company's drug approval drives stock upward,Neutral,Healthcare
Real Estate sector shows signs of overheating as interest rates fall,Negative,Automotive
