Headline,Sector
Major technology firm acquires a smaller rival in a multi-billion dollar deal,Construction
Central bank maintains status quo on interest rates,Transportation
Major oil spill sends energy stocks plummeting,Consumer Goods
Consumer confidence index reaches a decade high,Materials
Automotive industry faces headwinds from rising material costs,Materials
Quarterly report shows surprising losses for retail giants,Industrials
Media and Entertainment companies report a surge in streaming revenue,Industrials
Supply chain issues impact manufacturing sector earnings,Finance
Media and Entertainment companies report a surge in streaming revenue,Retail
"Global trade talks collapse, causing market turmoil",Retail
Major technology firm acquires a smaller rival in a multi-billion dollar deal,Healthcare
Dow Jones plunges as market fears recession,Technology
Media and Entertainment companies report a surge in streaming revenue,Finance
Federal Reserve Chairman's speech causes market volatility,Healthcare
Central Bank Governor signals potential shift in policy,Real Estate
Central Bank's dovish tone hints at future rate cuts,Consumer Goods
,Automotive
Record-high inflation data rattles investors,Technology
,Materials
Gold prices surge as investors flee riskier assets,Media & Entertainment
Merger talks between two banks fall through,Transportation
Retail sales report surpasses all forecasts,Technology
Massive stock buyback program announced by a consumer goods company,Industrials
Market braces for a major policy announcement from the EU,Healthcare
Media and Entertainment companies report a surge in streaming revenue,Transportation
Bond yields tumble as investors seek safe havens,Energy
,Real Estate
ASX 200 gains on strong export performance,Agriculture
Automotive industry faces headwinds from rising material costs,Automotive
A massive data breach sends a tech company's stock tumbling,Materials
Pharmaceutical company's drug approval drives stock upward,Automotive
Supply chain issues impact manufacturing sector earnings,Technology
Utilities sector remains stable during market fluctuations,Materials
Government subsidy program gives a lift to the agriculture sector,Healthcare
Record-high inflation data rattles investors,Retail
Consumer Discretionary stocks outperform as spending increases,Technology
E-commerce earnings report beats all analyst expectations,Utilities
Merger talks between two banks fall through,Materials
Government subsidy program gives a lift to the agriculture sector,Automotive
Financial services stocks rally on strong profit margins,Real Estate
Real Estate sector shows signs of overheating as interest rates fall,Telecommunications
Healthcare stocks gain on robust demand and strong outlook,Aerospace & Defense
ASX 200 gains on strong export performance,Automotive
Financial services stocks rally on strong profit margins,Pharmaceuticals
New IPO for a popular software firm is oversubscribed,Media & Entertainment
Geopolitical ceasefire prompts a broad market recovery,Pharmaceuticals
A massive data breach sends a tech company's stock tumbling,Agriculture
New regulations on cryptocurrencies cause a market dip,Retail
Market sentiment turns positive on vaccine trial results,Utilities
,Materials
Government subsidy program gives a lift to the agriculture sector,Industrials
E-commerce earnings report beats all analyst expectations,Retail
Geopolitical ceasefire prompts a broad market recovery,Consumer Goods
Aerospace and Defense sector sees rally amid geopolitical tensions,Transportation
Geopolitical ceasefire prompts a broad market recovery,Energy
New regulations on cryptocurrencies cause a market dip,Transportation
Banking stocks dip after a major scandal is revealed,Finance
Manufacturing PMI data signals economic expansion,Construction
Government spending bill is expected to stimulate the economy,Telecommunications
Semiconductor shortages weigh heavily on tech sector profits,Retail
Nikkei 225 index benefits from a weaker yen,Energy
Quarterly report shows surprising losses for retail giants,Pharmaceuticals
Unexpected rise in unemployment fuels market pessimism,Telecommunications
Government spending bill is expected to stimulate the economy,Construction
Healthcare stocks gain on robust demand and strong outlook,Consumer Goods
,Healthcare
New IPO for a popular software firm is oversubscribed,Aerospace & Defense
Central Bank Governor signals potential shift in policy,Pharmaceuticals
Financial services stocks rally on strong profit margins,Energy
Gold prices surge as investors flee riskier assets,Industrials
New IPO for a popular software firm is oversubscribed,Finance
Government subsidy program gives a lift to the agriculture sector,Telecommunications
Financial services stocks rally on strong profit margins,Utilities
UK's FTSE 100 sees a boost from favorable trade data,Materials
China's Shanghai Composite falls after new trade restrictions,Agriculture
New regulations on cryptocurrencies cause a market dip,Industrials
Semiconductor shortages weigh heavily on tech sector profits,Agriculture
Utilities sector remains stable during market fluctuations,Materials
Major oil spill sends energy stocks plummeting,Automotive
Semiconductor shortages weigh heavily on tech sector profits,Consumer Goods
Nikkei 225 index benefits from a weaker yen,Retail
Bond yields tumble as investors seek safe havens,Telecommunications
Dow Jones plunges as market fears recession,Pharmaceuticals
Semiconductor shortages weigh heavily on tech sector profits,Transportation
Government subsidy program gives a lift to the agriculture sector,Energy
Nikkei 225 index benefits from a weaker yen,Media & Entertainment
Semiconductor shortages weigh heavily on tech sector profits,Transportation
Energy company's dividend hike excites shareholders,Transportation
New housing data release shows a slowdown in market activity,Pharmaceuticals
Central Bank's dovish tone hints at future rate cuts,Utilities
Supply chain issues impact manufacturing sector earnings,Utilities
Pharmaceutical company's drug approval drives stock upward,Pharmaceuticals
Government spending bill is expected to stimulate the economy,Finance
Semiconductor shortages weigh heavily on tech sector profits,Healthcare
Federal Reserve Chairman's speech causes market volatility,Utilities
ASX 200 gains on strong export performance,Automotive
Government policy shift boosts renewable energy sector,Construction
Government policy shift boosts renewable energy sector,Automotive
Quarterly report shows surprising losses for retail giants,Real Estate
Retail sales report surpasses all forecasts,Pharmaceuticals
Tech Giant's New Product Launch Sparks Sector-Wide Gains,Finance
Geopolitical ceasefire prompts a broad market recovery,Automotive
Nikkei 225 index benefits from a weaker yen,Real Estate
Media and Entertainment companies report a surge in streaming revenue,Real Estate
Retail sales report surpasses all forecasts,Construction
Aerospace and Defense sector sees rally amid geopolitical tensions,Agriculture
Semiconductor shortages weigh heavily on tech sector profits,Consumer Goods
Financial services stocks rally on strong profit margins,Transportation
Real Estate sector shows signs of overheating as interest rates fall,Technology
Banking stocks dip after a major scandal is revealed,Retail
Quarterly report shows surprising losses for retail giants,Telecommunications
Financial sector bracing for new capital requirements,Materials
Utilities sector remains stable during market fluctuations,Technology
Nikkei 225 index benefits from a weaker yen,Pharmaceuticals
New IPO for a popular software firm is oversubscribed,Energy
Government policy shift boosts renewable energy sector,Healthcare
Crude oil prices drop to a multi-year low,Pharmaceuticals
China's Shanghai Composite falls after new trade restrictions,Agriculture
,Media & Entertainment
ASX 200 gains on strong export performance,Aerospace & Defense
,Transportation
Banking stocks dip after a major scandal is revealed,Technology
UK's FTSE 100 sees a boost from favorable trade data,Transportation
Geopolitical ceasefire prompts a broad market recovery,Utilities
Bond yields tumble as investors seek safe havens,Finance
Central bank maintains status quo on interest rates,Aerospace & Defense
Central bank maintains status quo on interest rates,Automotive
Crude oil prices drop to a multi-year low,Construction
Government policy shift boosts renewable energy sector,Aerospace & Defense
Mining company stock surges on commodity price boom,Technology
Banking stocks dip after a major scandal is revealed,Technology
ASX 200 gains on strong export performance,Consumer Goods
Unexpected rise in unemployment fuels market pessimism,Aerospace & Defense
Central bank maintains status quo on interest rates,Real Estate
ASX 200 gains on strong export performance,Utilities
Manufacturing PMI data signals economic expansion,Telecommunications
Central Bank's dovish tone hints at future rate cuts,Technology
"Global trade talks collapse, causing market turmoil",Telecommunications
New regulations on cryptocurrencies cause a market dip,Real Estate
Central Bank Governor signals potential shift in policy,Transportation
New housing data release shows a slowdown in market activity,Healthcare
Semiconductor shortages weigh heavily on tech sector profits,Consumer Goods
Supply chain issues impact manufacturing sector earnings,Materials
Dow Jones plunges as market fears recession,Transportation
Unexpected rise in unemployment fuels market pessimism,Utilities
Gold prices surge as investors flee riskier assets,Media & Entertainment
,Media & Entertainment
Aerospace and Defense sector sees rally amid geopolitical tensions,Real Estate
Automotive industry faces headwinds from rising material costs,Real Estate
Major technology firm acquires a smaller rival in a multi-billion dollar deal,Industrials
Gold prices surge as investors flee riskier assets,Materials
Geopolitical ceasefire prompts a broad market recovery,Utilities
Semiconductor shortages weigh heavily on tech sector profits,Transportation
Media and Entertainment companies report a surge in streaming revenue,Healthcare
UK's FTSE 100 sees a boost from favorable trade data,Healthcare
Government subsidy program gives a lift to the agriculture sector,Industrials
Supply chain issues impact manufacturing sector earnings,Energy
China's Shanghai Composite falls after new trade restrictions,Healthcare
Government subsidy program gives a lift to the agriculture sector,Aerospace & Defense
New IPO for a popular software firm is oversubscribed,Finance
"Global trade talks collapse, causing market turmoil",Retail
New IPO for a popular software firm is oversubscribed,Materials
ASX 200 gains on strong export performance,Healthcare
Consumer Discretionary stocks outperform as spending increases,Utilities
Gold prices surge as investors flee riskier assets,Agriculture
Financial sector bracing for new capital requirements,Retail
"Global trade talks collapse, causing market turmoil",Real Estate
Market sentiment turns positive on vaccine trial results,Agriculture
E-commerce earnings report beats all analyst expectations,Materials
New IPO for a popular software firm is oversubscribed,Automotive
ASX 200 gains on strong export performance,Telecommunications
Real Estate sector shows signs of overheating as interest rates fall,Telecommunications
Banking stocks dip after a major scandal is revealed,Real Estate
Central bank maintains status quo on interest rates,Real Estate
Unexpected rise in unemployment fuels market pessimism,Finance
Healthcare stocks gain on robust demand and strong outlook,Healthcare
UK's FTSE 100 sees a boost from favorable trade data,Transportation
Central Bank Governor signals potential shift in policy,Telecommunications
Government subsidy program gives a lift to the agriculture sector,Finance
,Consumer Goods
Government spending bill is expected to stimulate the economy,Aerospace & Defense
E-commerce earnings report beats all analyst expectations,Transportation
Central Bank's dovish tone hints at future rate cuts,Real Estate
Mining company stock surges on commodity price boom,Aerospace & Defense
,Finance
Record-high inflation data rattles investors,Aerospace & Defense
Nikkei 225 index benefits from a weaker yen,Industrials
Tech Giant's New Product Launch Sparks Sector-Wide Gains,Utilities
Manufacturing PMI data signals economic expansion,Finance
China's Shanghai Composite falls after new trade restrictions,Real Estate
Consumer Discretionary stocks outperform as spending increases,Utilities
Retail sales report surpasses all forecasts,Real Estate
Market braces for a major policy announcement from the EU,Real Estate
Market braces for a major policy announcement from the EU,Utilities
Automotive industry faces headwinds from rising material costs,Industrials
Mining company stock surges on commodity price boom,Energy
Government subsidy program gives a lift to the agriculture sector,Finance
Government spending bill is expected to stimulate the economy,Real Estate
"Global trade talks collapse, causing market turmoil",Energy
Supply chain issues impact manufacturing sector earnings,Healthcare
Major technology firm acquires a smaller rival in a multi-billion dollar deal,Telecommunications
Automotive industry faces headwinds from rising material costs,Industrials
Retail sales report surpasses all forecasts,Real Estate
Consumer confidence index reaches a decade high,Automotive
Aerospace and Defense sector sees rally amid geopolitical tensions,Industrials
Consumer confidence index reaches a decade high,Aerospace & Defense
Dow Jones plunges as market fears recession,Utilities
Banking stocks dip after a major scandal is revealed,Aerospace & Defense
Real Estate sector shows signs of overheating as interest rates fall,Retail
New IPO for a popular software firm is oversubscribed,Construction
Central bank maintains status quo on interest rates,Media & Entertainment
Major technology firm acquires a smaller rival in a multi-billion dollar deal,Finance
Crude oil prices drop to a multi-year low,Energy
E-commerce earnings report beats all analyst expectations,Transportation
Real Estate sector shows signs of overheating as interest rates fall,Healthcare
Unexpected rise in unemployment fuels market pessimism,Utilities
Major technology firm acquires a smaller rival in a multi-billion dollar deal,Telecommunications
Financial sector bracing for new capital requirements,Materials
Geopolitical ceasefire prompts a broad market recovery,Industrials
Market sentiment turns positive on vaccine trial results,Energy
UK's FTSE 100 sees a boost from favorable trade data,Industrials
Crude oil prices drop to a multi-year low,Materials
Quarterly report shows surprising losses for retail giants,Real Estate
,Technology
Quarterly report shows surprising losses for retail giants,Construction
A massive data breach sends a tech company's stock tumbling,Healthcare
Market sentiment turns positive on vaccine trial results,Real Estate
Government spending bill is expected to stimulate the economy,Utilities
Pharmaceutical company's drug approval drives stock upward,Construction
Mining company stock surges on commodity price boom,Industrials
Automotive industry faces headwinds from rising material costs,Retail
Media and Entertainment companies report a surge in streaming revenue,Agriculture
New regulations on cryptocurrencies cause a market dip,Retail
Federal Reserve Chairman's speech causes market volatility,Utilities
Manufacturing PMI data signals economic expansion,Materials
Major technology firm acquires a smaller rival in a multi-billion dollar deal,Finance
Real Estate sector shows signs of overheating as interest rates fall,Healthcare
Central Bank Governor signals potential shift in policy,Healthcare
Massive stock buyback program announced by a consumer goods company,Consumer Goods
Crude oil prices drop to a multi-year low,Utilities
Energy company's dividend hike excites shareholders,Real Estate
ASX 200 gains on strong export performance,Utilities
Media and Entertainment companies report a surge in streaming revenue,Finance
Government spending bill is expected to stimulate the economy,Agriculture
Aerospace and Defense sector sees rally amid geopolitical tensions,Agriculture
,Technology
Semiconductor shortages weigh heavily on tech sector profits,Healthcare
Energy company's dividend hike excites shareholders,Technology
Unexpected rise in unemployment fuels market pessimism,Telecommunications
ASX 200 gains on strong export performance,Transportation
Supply chain issues impact manufacturing sector earnings,Technology
A massive data breach sends a tech company's stock tumbling,Real Estate
Government subsidy program gives a lift to the agriculture sector,Real Estate
Bond yields tumble as investors seek safe havens,Finance
Healthcare stocks gain on robust demand and strong outlook,Retail
Media and Entertainment companies report a surge in streaming revenue,Consumer Goods
ASX 200 gains on strong export performance,Energy
Automotive industry faces headwinds from rising material costs,Healthcare
UK's FTSE 100 sees a boost from favorable trade data,Technology
New regulations on cryptocurrencies cause a market dip,Transportation
Government spending bill is expected to stimulate the economy,Retail
,Pharmaceuticals
Tech Giant's New Product Launch Sparks Sector-Wide Gains,Real Estate
Tech Giant's New Product Launch Sparks Sector-Wide Gains,Pharmaceuticals
Financial sector bracing for new capital requirements,Pharmaceuticals
Healthcare stocks gain on robust demand and strong outlook,Pharmaceuticals
Dow Jones plunges as market fears recession,Energy
Record-high inflation data rattles investors,Pharmaceuticals
Geopolitical ceasefire prompts a broad market recovery,Automotive
Massive stock buyback program announced by a consumer goods company,Transportation
Pharmaceutical company's drug approval drives stock upward,Industrials
Energy company's dividend hike excites shareholders,Real Estate
Merger talks between two banks fall through,Transportation
Mining company stock surges on commodity price boom,Construction
Market braces for a major policy announcement from the EU,Real Estate
Merger talks between two banks fall through,Finance
Gold prices surge as investors flee riskier assets,Consumer Goods
Consumer Discretionary stocks outperform as spending increases,Pharmaceuticals
Major technology firm acquires a smaller rival in a multi-billion dollar deal,Construction
Pharmaceutical company's drug approval drives stock upward,Media & Entertainment
Mining company stock surges on commodity price boom,Agriculture
A massive data breach sends a tech company's stock tumbling,Technology
Healthcare stocks gain on robust demand and strong outlook,Consumer Goods
Crude oil prices drop to a multi-year low,Healthcare
Central Bank Governor signals potential shift in policy,Retail
Federal Reserve Chairman's speech causes market volatility,Energy
Consumer Discretionary stocks outperform as spending increases,Telecommunications
Semiconductor shortages weigh heavily on tech sector profits,Aerospace & Defense
New regulations on cryptocurrencies cause a market dip,Technology
Bond yields tumble as investors seek safe havens,Utilities
Consumer Discretionary stocks outperform as spending increases,Transportation
,Telecommunications
ASX 200 gains on strong export performance,Consumer Goods
Massive stock buyback program announced by a consumer goods company,Technology
Central Bank Governor signals potential shift in policy,Energy
Pharmaceutical company's drug approval drives stock upward,Media & Entertainment
Government spending bill is expected to stimulate the economy,Pharmaceuticals
Central Bank Governor signals potential shift in policy,Industrials
Utilities sector remains stable during market fluctuations,Industrials
Pharmaceutical company's drug approval drives stock upward,Materials
Nikkei 225 index benefits from a weaker yen,Construction
Real Estate sector shows signs of overheating as interest rates fall,Transportation
Manufacturing PMI data signals economic expansion,Telecommunications
Financial services stocks rally on strong profit margins,Automotive
Pharmaceutical company's drug approval drives stock upward,Healthcare
Massive stock buyback program announced by a consumer goods company,Technology
Tech Giant's New Product Launch Sparks Sector-Wide Gains,Retail
Automotive industry faces headwinds from rising material costs,Retail
Banking stocks dip after a major scandal is revealed,Agriculture
Consumer Discretionary stocks outperform as spending increases,Consumer Goods
Quarterly report shows surprising losses for retail giants,Real Estate
Nikkei 225 index benefits from a weaker yen,Consumer Goods
Bond yields tumble as investors seek safe havens,Healthcare
Government spending bill is expected to stimulate the economy,Consumer Goods
Banking stocks dip after a major scandal is revealed,Energy
Market sentiment turns positive on vaccine trial results,Finance
Tech Giant's New Product Launch Sparks Sector-Wide Gains,Finance
,Industrials
Consumer Discretionary stocks outperform as spending increases,Finance
Government subsidy program gives a lift to the agriculture sector,Industrials
,Utilities
Dow Jones plunges as market fears recession,Finance
Supply chain issues impact manufacturing sector earnings,Real Estate
Consumer confidence index reaches a decade high,Materials
E-commerce earnings report beats all analyst expectations,Industrials
"Global trade talks collapse, causing market turmoil",Energy
Government policy shift boosts renewable energy sector,Technology
Government spending bill is expected to stimulate the economy,Real Estate
Semiconductor shortages weigh heavily on tech sector profits,Transportation
Market sentiment turns positive on vaccine trial results,Automotive
New housing data release shows a slowdown in market activity,Telecommunications
Government policy shift boosts renewable energy sector,Pharmaceuticals
Consumer confidence index reaches a decade high,Media & Entertainment
Merger talks between two banks fall through,Aerospace & Defense
Geopolitical ceasefire prompts a broad market recovery,Materials
Central bank maintains status quo on interest rates,Media & Entertainment
Federal Reserve Chairman's speech causes market volatility,Healthcare
Semiconductor shortages weigh heavily on tech sector profits,Retail
Supply chain issues impact manufacturing sector earnings,Construction
Government policy shift boosts renewable energy sector,Pharmaceuticals
New regulations on cryptocurrencies cause a market dip,Automotive
Massive stock buyback program announced by a consumer goods company,Agriculture
Aerospace and Defense sector sees rally amid geopolitical tensions,Finance
Supply chain issues impact manufacturing sector earnings,Industrials
Merger talks between two banks fall through,Industrials
Central bank maintains status quo on interest rates,Healthcare
Financial sector bracing for new capital requirements,Healthcare
Central Bank's dovish tone hints at future rate cuts,Automotive
E-commerce earnings report beats all analyst expectations,Retail
UK's FTSE 100 sees a boost from favorable trade data,Construction
,Industrials
Tech Giant's New Product Launch Sparks Sector-Wide Gains,Consumer Goods
Financial services stocks rally on strong profit margins,Transportation
Utilities sector remains stable during market fluctuations,Healthcare
Banking stocks dip after a major scandal is revealed,Finance
Energy company's dividend hike excites shareholders,Consumer Goods
Banking stocks dip after a major scandal is revealed,Consumer Goods
Financial sector bracing for new capital requirements,Technology
Tech Giant's New Product Launch Sparks Sector-Wide Gains,Construction
E-commerce earnings report beats all analyst expectations,Construction
Unexpected rise in unemployment fuels market pessimism,Construction
Energy company's dividend hike excites shareholders,Industrials
Central Bank Governor signals potential shift in policy,Energy
Central Bank Governor signals potential shift in policy,Construction
Healthcare stocks gain on robust demand and strong outlook,Materials
,Pharmaceuticals
E-commerce earnings report beats all analyst expectations,Retail
New housing data release shows a slowdown in market activity,Construction
Consumer confidence index reaches a decade high,Transportation
Bond yields tumble as investors seek safe havens,Energy
Unexpected rise in unemployment fuels market pessimism,Materials
"Global trade talks collapse, causing market turmoil",Real Estate
Semiconductor shortages weigh heavily on tech sector profits,Technology
UK's FTSE 100 sees a boost from favorable trade data,Finance
,Healthcare
Consumer Discretionary stocks outperform as spending increases,Materials
New housing data release shows a slowdown in market activity,Transportation
ASX 200 gains on strong export performance,Finance
Unexpected rise in unemployment fuels market pessimism,Media & Entertainment
Federal Reserve Chairman's speech causes market volatility,Finance
Automotive industry faces headwinds from rising material costs,Agriculture
Financial sector bracing for new capital requirements,Agriculture
Mining company stock surges on commodity price boom,Construction
Government subsidy program gives a lift to the agriculture sector,Media & Entertainment
Financial sector bracing for new capital requirements,Technology
Financial sector bracing for new capital requirements,Industrials
New housing data release shows a slowdown in market activity,Agriculture
Energy company's dividend hike excites shareholders,Pharmaceuticals
Government spending bill is expected to stimulate the economy,Consumer Goods
Supply chain issues impact manufacturing sector earnings,Finance
Central bank maintains status quo on interest rates,Technology
Crude oil prices drop to a multi-year low,Media & Entertainment
Geopolitical ceasefire prompts a broad market recovery,Finance
Tech Giant's New Product Launch Sparks Sector-Wide Gains,Consumer Goods
Banking stocks dip after a major scandal is revealed,Consumer Goods
"Global trade talks collapse, causing market turmoil",Media & Entertainment
"Global trade talks collapse, causing market turmoil",Automotive
China's Shanghai Composite falls after new trade restrictions,Healthcare
Retail sales report surpasses all forecasts,Energy
Semiconductor shortages weigh heavily on tech sector profits,Transportation
Federal Reserve Chairman's speech causes market volatility,Media & Entertainment
Central Bank Governor signals potential shift in policy,Industrials
Utilities sector remains stable during market fluctuations,Finance
"Global trade talks collapse, causing market turmoil",Utilities
Market sentiment turns positive on vaccine trial results,Construction
Pharmaceutical company's drug approval drives stock upward,Pharmaceuticals
,Automotive
New IPO for a popular software firm is oversubscribed,Real Estate
Automotive industry faces headwinds from rising material costs,Real Estate
Central Bank's dovish tone hints at future rate cuts,Energy
Dow Jones plunges as market fears recession,Finance
Aerospace and Defense sector sees rally amid geopolitical tensions,Energy
Financial sector bracing for new capital requirements,Media & Entertainment
Dow Jones plunges as market fears recession,Consumer Goods
Aerospace and Defense sector sees rally amid geopolitical tensions,Industrials
UK's FTSE 100 sees a boost from favorable trade data,Retail
Healthcare stocks gain on robust demand and strong outlook,Construction
China's Shanghai Composite falls after new trade restrictions,Aerospace & Defense
New housing data release shows a slowdown in market activity,Consumer Goods
Record-high inflation data rattles investors,Construction
Healthcare stocks gain on robust demand and strong outlook,Agriculture
Mining company stock surges on commodity price boom,Real Estate
Pharmaceutical company's drug approval drives stock upward,Retail
A massive data breach sends a tech company's stock tumbling,Retail
Consumer confidence index reaches a decade high,Materials
Geopolitical ceasefire prompts a broad market recovery,Telecommunications
Manufacturing PMI data signals economic expansion,Retail
Utilities sector remains stable during market fluctuations,Agriculture
Government policy shift boosts renewable energy sector,Retail
Government subsidy program gives a lift to the agriculture sector,Automotive
Merger talks between two banks fall through,Automotive
,Construction
Unexpected rise in unemployment fuels market pessimism,Healthcare
E-commerce earnings report beats all analyst expectations,Telecommunications
China's Shanghai Composite falls after new trade restrictions,Healthcare
Automotive industry faces headwinds from rising material costs,Utilities
Nikkei 225 index benefits from a weaker yen,Telecommunications
New housing data release shows a slowdown in market activity,Pharmaceuticals
Record-high inflation data rattles investors,Retail
,Finance
Bond yields tumble as investors seek safe havens,Energy
Market sentiment turns positive on vaccine trial results,Retail
Market sentiment turns positive on vaccine trial results,Media & Entertainment
Government subsidy program gives a lift to the agriculture sector,Agriculture
Bond yields tumble as investors seek safe havens,Construction
Semiconductor shortages weigh heavily on tech sector profits,Telecommunications
Nikkei 225 index benefits from a weaker yen,Media & Entertainment
Financial sector bracing for new capital requirements,Energy
Manufacturing PMI data signals economic expansion,Real Estate
"Global trade talks collapse, causing market turmoil",Industrials
Aerospace and Defense sector sees rally amid geopolitical tensions,Telecommunications
Bond yields tumble as investors seek safe havens,Media & Entertainment
Financial services stocks rally on strong profit margins,Materials
Central Bank Governor signals potential shift in policy,Telecommunications
Market sentiment turns positive on vaccine trial results,Industrials
Crude oil prices drop to a multi-year low,Utilities
Federal Reserve Chairman's speech causes market volatility,Agriculture
Financial services stocks rally on strong profit margins,Construction
Financial services stocks rally on strong profit margins,Finance
Record-high inflation data rattles investors,Transportation
New regulations on cryptocurrencies cause a market dip,Construction
Retail sales report surpasses all forecasts,Aerospace & Defense
Central bank maintains status quo on interest rates,Automotive
New regulations on cryptocurrencies cause a market dip,Materials
Manufacturing PMI data signals economic expansion,Technology
New IPO for a popular software firm is oversubscribed,Automotive
Major technology firm acquires a smaller rival in a multi-billion dollar deal,Energy
Semiconductor shortages weigh heavily on tech sector profits,Retail
Bond yields tumble as investors seek safe havens,Aerospace & Defense
Consumer Discretionary stocks outperform as spending increases,Materials
Major oil spill sends energy stocks plummeting,Automotive
Media and Entertainment companies report a surge in streaming revenue,Consumer Goods
UK's FTSE 100 sees a boost from favorable trade data,Aerospace & Defense
Financial sector bracing for new capital requirements,Transportation
,Finance
"Global trade talks collapse, causing market turmoil",Technology
Pharmaceutical company's drug approval drives stock upward,Media & Entertainment
Gold prices surge as investors flee riskier assets,Construction
Healthcare stocks gain on robust demand and strong outlook,Utilities
Crude oil prices drop to a multi-year low,Technology
Major oil spill sends energy stocks plummeting,Consumer Goods
Merger talks between two banks fall through,Technology
A massive data breach sends a tech company's stock tumbling,Agriculture
Central bank maintains status quo on interest rates,Agriculture
,Aerospace & Defense
Nikkei 225 index benefits from a weaker yen,Automotive
Market sentiment turns positive on vaccine trial results,Energy
Market braces for a major policy announcement from the EU,Automotive
Major oil spill sends energy stocks plummeting,Consumer Goods
Unexpected rise in unemployment fuels market pessimism,Real Estate
Geopolitical ceasefire prompts a broad market recovery,Media & Entertainment
Real Estate sector shows signs of overheating as interest rates fall,Finance
Consumer confidence index reaches a decade high,Pharmaceuticals
Massive stock buyback program announced by a consumer goods company,Pharmaceuticals
Massive stock buyback program announced by a consumer goods company,Pharmaceuticals
Government spending bill is expected to stimulate the economy,Transportation
Central Bank's dovish tone hints at future rate cuts,Retail
,Consumer Goods
Government spending bill is expected to stimulate the economy,Pharmaceuticals
Government subsidy program gives a lift to the agriculture sector,Agriculture
Energy company's dividend hike excites shareholders,Energy
Quarterly report shows surprising losses for retail giants,Construction
Central bank maintains status quo on interest rates,Transportation
Gold prices surge as investors flee riskier assets,Automotive
China's Shanghai Composite falls after new trade restrictions,Finance
Market sentiment turns positive on vaccine trial results,Finance
Merger talks between two banks fall through,Utilities
Retail sales report surpasses all forecasts,Finance
Automotive industry faces headwinds from rising material costs,Agriculture
Major oil spill sends energy stocks plummeting,Real Estate
Financial services stocks rally on strong profit margins,Technology
Supply chain issues impact manufacturing sector earnings,Pharmaceuticals
Utilities sector remains stable during market fluctuations,Finance
Energy company's dividend hike excites shareholders,Materials
New IPO for a popular software firm is oversubscribed,Media & Entertainment
Financial services stocks rally on strong profit margins,Energy
Record-high inflation data rattles investors,Industrials
Retail sales report surpasses all forecasts,Healthcare
New housing data release shows a slowdown in market activity,Finance
China's Shanghai Composite falls after new trade restrictions,Automotive
E-commerce earnings report beats all analyst expectations,Aerospace & Defense
ASX 200 gains on strong export performance,Retail
Banking stocks dip after a major scandal is revealed,Automotive
Federal Reserve Chairman's speech causes market volatility,Finance
New housing data release shows a slowdown in market activity,Consumer Goods
Automotive industry faces headwinds from rising material costs,Utilities
Merger talks between two banks fall through,Technology
Banking stocks dip after a major scandal is revealed,Materials
Retail sales report surpasses all forecasts,Transportation
Real Estate sector shows signs of overheating as interest rates fall,Aerospace & Defense
Manufacturing PMI data signals economic expansion,Media & Entertainment
UK's FTSE 100 sees a boost from favorable trade data,Finance
Unexpected rise in unemployment fuels market pessimism,Media & Entertainment
Government policy shift boosts renewable energy sector,Technology
Gold prices surge as investors flee riskier assets,Energy
Market sentiment turns positive on vaccine trial results,Materials
Government spending bill is expected to stimulate the economy,Media & Entertainment
Automotive industry faces headwinds from rising material costs,Retail
Record-high inflation data rattles investors,Energy
Supply chain issues impact manufacturing sector earnings,Technology
A massive data breach sends a tech company's stock tumbling,Real Estate
Pharmaceutical company's drug approval drives stock upward,Agriculture
Dow Jones plunges as market fears recession,Media & Entertainment
Central bank maintains status quo on interest rates,Utilities
Major oil spill sends energy stocks plummeting,Retail
New housing data release shows a slowdown in market activity,Aerospace & Defense
Real Estate sector shows signs of overheating as interest rates fall,Automotive
Nikkei 225 index benefits from a weaker yen,Retail
Central Bank Governor signals potential shift in policy,Consumer Goods
UK's FTSE 100 sees a boost from favorable trade data,Transportation
Automotive industry faces headwinds from rising material costs,Telecommunications
Record-high inflation data rattles investors,Healthcare
Banking stocks dip after a major scandal is revealed,Consumer Goods
"Global trade talks collapse, causing market turmoil",Pharmaceuticals
Market sentiment turns positive on vaccine trial results,Aerospace & Defense
,Utilities
Tech Giant's New Product Launch Sparks Sector-Wide Gains,Telecommunications
Energy company's dividend hike excites shareholders,Automotive
,Construction
Major technology firm acquires a smaller rival in a multi-billion dollar deal,Consumer Goods
Geopolitical ceasefire prompts a broad market recovery,Aerospace & Defense
Major technology firm acquires a smaller rival in a multi-billion dollar deal,Healthcare
Supply chain issues impact manufacturing sector earnings,Media & Entertainment
Major oil spill sends energy stocks plummeting,Media & Entertainment
UK's FTSE 100 sees a boost from favorable trade data,Pharmaceuticals
Healthcare stocks gain on robust demand and strong outlook,Utilities
Gold prices surge as investors flee riskier assets,Transportation
Record-high inflation data rattles investors,Automotive
Retail sales report surpasses all forecasts,Finance
Healthcare stocks gain on robust demand and strong outlook,Materials
Government policy shift boosts renewable energy sector,Utilities
Tech Giant's New Product Launch Sparks Sector-Wide Gains,Utilities
Semiconductor shortages weigh heavily on tech sector profits,Finance
Financial services stocks rally on strong profit margins,Industrials
Automotive industry faces headwinds from rising material costs,Telecommunications
Semiconductor shortages weigh heavily on tech sector profits,Construction
UK's FTSE 100 sees a boost from favorable trade data,Materials
New regulations on cryptocurrencies cause a market dip,Transportation
Geopolitical ceasefire prompts a broad market recovery,Industrials
Central Bank Governor signals potential shift in policy,Industrials
New regulations on cryptocurrencies cause a market dip,Real Estate
Mining company stock surges on commodity price boom,Consumer Goods
E-commerce earnings report beats all analyst expectations,Energy
Geopolitical ceasefire prompts a broad market recovery,Real Estate
Major technology firm acquires a smaller rival in a multi-billion dollar deal,Aerospace & Defense
Unexpected rise in unemployment fuels market pessimism,Consumer Goods
Central Bank Governor signals potential shift in policy,Materials
Major oil spill sends energy stocks plummeting,Construction
Semiconductor shortages weigh heavily on tech sector profits,Consumer Goods
Mining company stock surges on commodity price boom,Construction
Major oil spill sends energy stocks plummeting,Utilities
Mining company stock surges on commodity price boom,Pharmaceuticals
Crude oil prices drop to a multi-year low,Real Estate
Mining company stock surges on commodity price boom,Telecommunications
Nikkei 225 index benefits from a weaker yen,Telecommunications
Massive stock buyback program announced by a consumer goods company,Retail
Real Estate sector shows signs of overheating as interest rates fall,Materials
Major oil spill sends energy stocks plummeting,Pharmaceuticals
Retail sales report surpasses all forecasts,Materials
Massive stock buyback program announced by a consumer goods company,Industrials
"Global trade talks collapse, causing market turmoil",Technology
Consumer confidence index reaches a decade high,Retail
,Finance
Tech Giant's New Product Launch Sparks Sector-Wide Gains,Transportation
Major technology firm acquires a smaller rival in a multi-billion dollar deal,Retail
Federal Reserve Chairman's speech causes market volatility,Telecommunications
Media and Entertainment companies report a surge in streaming revenue,Healthcare
Tech Giant's New Product Launch Sparks Sector-Wide Gains,Utilities
E-commerce earnings report beats all analyst expectations,Finance
Manufacturing PMI data signals economic expansion,Healthcare
Bond yields tumble as investors seek safe havens,Energy
Record-high inflation data rattles investors,Transportation
New IPO for a popular software firm is oversubscribed,Aerospace & Defense
Market braces for a major policy announcement from the EU,Automotive
Crude oil prices drop to a multi-year low,Healthcare
Semiconductor shortages weigh heavily on tech sector profits,Construction
Banking stocks dip after a major scandal is revealed,Healthcare
Retail sales report surpasses all forecasts,Materials
ASX 200 gains on strong export performance,Telecommunications
"Global trade talks collapse, causing market turmoil",Transportation
Geopolitical ceasefire prompts a broad market recovery,Retail
"Global trade talks collapse, causing market turmoil",Finance
Market braces for a major policy announcement from the EU,Healthcare
,Materials
Dow Jones plunges as market fears recession,Automotive
Healthcare stocks gain on robust demand and strong outlook,Pharmaceuticals
Central bank maintains status quo on interest rates,Agriculture
Unexpected rise in unemployment fuels market pessimism,Finance
New regulations on cryptocurrencies cause a market dip,Utilities
Semiconductor shortages weigh heavily on tech sector profits,Healthcare
New IPO for a popular software firm is oversubscribed,Telecommunications
A massive data breach sends a tech company's stock tumbling,Agriculture
Dow Jones plunges as market fears recession,Industrials
Media and Entertainment companies report a surge in streaming revenue,Aerospace & Defense
Financial sector bracing for new capital requirements,Retail
Pharmaceutical company's drug approval drives stock upward,Consumer Goods
Geopolitical ceasefire prompts a broad market recovery,Finance
New regulations on cryptocurrencies cause a market dip,Agriculture
Market braces for a major policy announcement from the EU,Real Estate
Retail sales report surpasses all forecasts,Telecommunications
Financial sector bracing for new capital requirements,Aerospace & Defense
Geopolitical ceasefire prompts a broad market recovery,Automotive
Mining company stock surges on commodity price boom,Retail
Merger talks between two banks fall through,Technology
Media and Entertainment companies report a surge in streaming revenue,Media & Entertainment
,Transportation
Financial services stocks rally on strong profit margins,Media & Entertainment
Manufacturing PMI data signals economic expansion,Real Estate
Quarterly report shows surprising losses for retail giants,Technology
Media and Entertainment companies report a surge in streaming revenue,Transportation
Government policy shift boosts renewable energy sector,Real Estate
Government spending bill is expected to stimulate the economy,Agriculture
Central Bank's dovish tone hints at future rate cuts,Media & Entertainment
Central Bank Governor signals potential shift in policy,Telecommunications
Geopolitical ceasefire prompts a broad market recovery,Finance
Healthcare stocks gain on robust demand and strong outlook,Telecommunications
New regulations on cryptocurrencies cause a market dip,Construction
New regulations on cryptocurrencies cause a market dip,Automotive
Massive stock buyback program announced by a consumer goods company,Energy
Government policy shift boosts renewable energy sector,Automotive
Financial services stocks rally on strong profit margins,Pharmaceuticals
Federal Reserve Chairman's speech causes market volatility,Healthcare
New regulations on cryptocurrencies cause a market dip,Construction
Energy company's dividend hike excites shareholders,Transportation
Central Bank Governor signals potential shift in policy,Media & Entertainment
Major oil spill sends energy stocks plummeting,Transportation
Semiconductor shortages weigh heavily on tech sector profits,Telecommunications
Tech Giant's New Product Launch Sparks Sector-Wide Gains,Agriculture
Supply chain issues impact manufacturing sector earnings,Energy
Crude oil prices drop to a multi-year low,Consumer Goods
ASX 200 gains on strong export performance,Agriculture
Tech Giant's New Product Launch Sparks Sector-Wide Gains,Consumer Goods
Crude oil prices drop to a multi-year low,Technology
Central bank maintains status quo on interest rates,Consumer Goods
E-commerce earnings report beats all analyst expectations,Retail
Market sentiment turns positive on vaccine trial results,Technology
Media and Entertainment companies report a surge in streaming revenue,Agriculture
Retail sales report surpasses all forecasts,Transportation
Media and Entertainment companies report a surge in streaming revenue,Technology
E-commerce earnings report beats all analyst expectations,Automotive
Consumer Discretionary stocks outperform as spending increases,Retail
Tech Giant's New Product Launch Sparks Sector-Wide Gains,Utilities
Real Estate sector shows signs of overheating as interest rates fall,Technology
E-commerce earnings report beats all analyst expectations,Healthcare
Banking stocks dip after a major scandal is revealed,Aerospace & Defense
Market braces for a major policy announcement from the EU,Real Estate
Market sentiment turns positive on vaccine trial results,Utilities
Consumer Discretionary stocks outperform as spending increases,Healthcare
Utilities sector remains stable during market fluctuations,Utilities
Supply chain issues impact manufacturing sector earnings,Real Estate
Energy company's dividend hike excites shareholders,Utilities
Energy company's dividend hike excites shareholders,Consumer Goods
,Energy
Central Bank's dovish tone hints at future rate cuts,Pharmaceuticals
,Aerospace & Defense
Major oil spill sends energy stocks plummeting,Aerospace & Defense
Gold prices surge as investors flee riskier assets,Consumer Goods
China's Shanghai Composite falls after new trade restrictions,Retail
,Aerospace & Defense
Utilities sector remains stable during market fluctuations,Retail
Aerospace and Defense sector sees rally amid geopolitical tensions,Pharmaceuticals
Government spending bill is expected to stimulate the economy,Industrials
Nikkei 225 index benefits from a weaker yen,Agriculture
Government spending bill is expected to stimulate the economy,Pharmaceuticals
Merger talks between two banks fall through,Real Estate
Gold prices surge as investors flee riskier assets,Utilities
Major oil spill sends energy stocks plummeting,Consumer Goods
"Global trade talks collapse, causing market turmoil",Utilities
Federal Reserve Chairman's speech causes market volatility,Transportation
Central Bank Governor signals potential shift in policy,Aerospace & Defense
Government spending bill is expected to stimulate the economy,Automotive
Supply chain issues impact manufacturing sector earnings,Pharmaceuticals
A massive data breach sends a tech company's stock tumbling,Automotive
Healthcare stocks gain on robust demand and strong outlook,Retail
Central bank maintains status quo on interest rates,Healthcare
ASX 200 gains on strong export performance,Technology
Record-high inflation data rattles investors,Telecommunications
Banking stocks dip after a major scandal is revealed,Construction
E-commerce earnings report beats all analyst expectations,Automotive
Supply chain issues impact manufacturing sector earnings,Consumer Goods
Retail sales report surpasses all forecasts,Consumer Goods
Consumer Discretionary stocks outperform as spending increases,Real Estate
"Global trade talks collapse, causing market turmoil",Materials
Media and Entertainment companies report a surge in streaming revenue,Transportation
Media and Entertainment companies report a surge in streaming revenue,Finance
Healthcare stocks gain on robust demand and strong outlook,Transportation
Media and Entertainment companies report a surge in streaming revenue,Telecommunications
Mining company stock surges on commodity price boom,Aerospace & Defense
Quarterly report shows surprising losses for retail giants,Industrials
Semiconductor shortages weigh heavily on tech sector profits,Utilities
New regulations on cryptocurrencies cause a market dip,Materials
New regulations on cryptocurrencies cause a market dip,Media & Entertainment
Market braces for a major policy announcement from the EU,Transportation
Media and Entertainment companies report a surge in streaming revenue,Real Estate
Market braces for a major policy announcement from the EU,Construction
Federal Reserve Chairman's speech causes market volatility,Agriculture
Nikkei 225 index benefits from a weaker yen,Energy
Record-high inflation data rattles investors,Finance
Financial sector bracing for new capital requirements,Real Estate
Dow Jones plunges as market fears recession,Aerospace & Defense
Merger talks between two banks fall through,Construction
Utilities sector remains stable during market fluctuations,Automotive
Consumer confidence index reaches a decade high,Automotive
Semiconductor shortages weigh heavily on tech sector profits,Healthcare
Major technology firm acquires a smaller rival in a multi-billion dollar deal,Consumer Goods
Crude oil prices drop to a multi-year low,Utilities
Merger talks between two banks fall through,Pharmaceuticals
A massive data breach sends a tech company's stock tumbling,Finance
Pharmaceutical company's drug approval drives stock upward,Consumer Goods
A massive data breach sends a tech company's stock tumbling,Telecommunications
Record-high inflation data rattles investors,Transportation
,Energy
Utilities sector remains stable during market fluctuations,Transportation
Federal Reserve Chairman's speech causes market volatility,Automotive
Central Bank's dovish tone hints at future rate cuts,Retail
Manufacturing PMI data signals economic expansion,Media & Entertainment
Mining company stock surges on commodity price boom,Construction
Dow Jones plunges as market fears recession,Industrials
Market sentiment turns positive on vaccine trial results,Automotive
Utilities sector remains stable during market fluctuations,Agriculture
Dow Jones plunges as market fears recession,Materials
New regulations on cryptocurrencies cause a market dip,Consumer Goods
Retail sales report surpasses all forecasts,Transportation
Automotive industry faces headwinds from rising material costs,Materials
China's Shanghai Composite falls after new trade restrictions,Real Estate
Market braces for a major policy announcement from the EU,Utilities
Market braces for a major policy announcement from the EU,Real Estate
Record-high inflation data rattles investors,Consumer Goods
E-commerce earnings report beats all analyst expectations,Pharmaceuticals
China's Shanghai Composite falls after new trade restrictions,Telecommunications
New IPO for a popular software firm is oversubscribed,Construction
Market braces for a major policy announcement from the EU,Agriculture
Bond yields tumble as investors seek safe havens,Transportation
Banking stocks dip after a major scandal is revealed,Industrials
Banking stocks dip after a major scandal is revealed,Energy
Consumer confidence index reaches a decade high,Utilities
Central Bank's dovish tone hints at future rate cuts,Utilities
ASX 200 gains on strong export performance,Real Estate
E-commerce earnings report beats all analyst expectations,Agriculture
Financial sector bracing for new capital requirements,Media & Entertainment
China's Shanghai Composite falls after new trade restrictions,Energy
UK's FTSE 100 sees a boost from favorable trade data,Agriculture
Utilities sector remains stable during market fluctuations,Finance
China's Shanghai Composite falls after new trade restrictions,Materials
Government subsidy program gives a lift to the agriculture sector,Telecommunications
E-commerce earnings report beats all analyst expectations,Transportation
A massive data breach sends a tech company's stock tumbling,Materials
Gold prices surge as investors flee riskier assets,Pharmaceuticals
Nikkei 225 index benefits from a weaker yen,Aerospace & Defense
A massive data breach sends a tech company's stock tumbling,Media & Entertainment
Mining company stock surges on commodity price boom,Retail
Media and Entertainment companies report a surge in streaming revenue,Materials
"Global trade talks collapse, causing market turmoil",Construction
Government spending bill is expected to stimulate the economy,Transportation
New housing data release shows a slowdown in market activity,Materials
China's Shanghai Composite falls after new trade restrictions,Utilities
Government policy shift boosts renewable energy sector,Retail
Central Bank's dovish tone hints at future rate cuts,Telecommunications
Retail sales report surpasses all forecasts,Transportation
Bond yields tumble as investors seek safe havens,Industrials
Crude oil prices drop to a multi-year low,Aerospace & Defense
Quarterly report shows surprising losses for retail giants,Pharmaceuticals
Healthcare stocks gain on robust demand and strong outlook,Technology
Geopolitical ceasefire prompts a broad market recovery,Media & Entertainment
Federal Reserve Chairman's speech causes market volatility,Utilities
Dow Jones plunges as market fears recession,Healthcare
Central Bank's dovish tone hints at future rate cuts,Pharmaceuticals
Banking stocks dip after a major scandal is revealed,Utilities
Banking stocks dip after a major scandal is revealed,Technology
Federal Reserve Chairman's speech causes market volatility,Automotive
Bond yields tumble as investors seek safe havens,Retail
Government subsidy program gives a lift to the agriculture sector,Consumer Goods
Financial services stocks rally on strong profit margins,Transportation
"Global trade talks collapse, causing market turmoil",Aerospace & Defense
,Technology
Market braces for a major policy announcement from the EU,Finance
A massive data breach sends a tech company's stock tumbling,Agriculture
ASX 200 gains on strong export performance,Construction
Bond yields tumble as investors seek safe havens,Finance
,Automotive
Aerospace and Defense sector sees rally amid geopolitical tensions,Pharmaceuticals
Banking stocks dip after a major scandal is revealed,Industrials
Utilities sector remains stable during market fluctuations,Retail
Utilities sector remains stable during market fluctuations,Media & Entertainment
Banking stocks dip after a major scandal is revealed,Transportation
Utilities sector remains stable during market fluctuations,Healthcare
Market braces for a major policy announcement from the EU,Finance
Banking stocks dip after a major scandal is revealed,Industrials
New regulations on cryptocurrencies cause a market dip,Automotive
Healthcare stocks gain on robust demand and strong outlook,Automotive
Geopolitical ceasefire prompts a broad market recovery,Transportation
Government policy shift boosts renewable energy sector,Energy
Utilities sector remains stable during market fluctuations,Materials
New IPO for a popular software firm is oversubscribed,Finance
Quarterly report shows surprising losses for retail giants,Automotive
Semiconductor shortages weigh heavily on tech sector profits,Technology
ASX 200 gains on strong export performance,Agriculture
Crude oil prices drop to a multi-year low,Technology
Manufacturing PMI data signals economic expansion,Construction
UK's FTSE 100 sees a boost from favorable trade data,Agriculture
New housing data release shows a slowdown in market activity,Pharmaceuticals
Supply chain issues impact manufacturing sector earnings,Aerospace & Defense
Market sentiment turns positive on vaccine trial results,Real Estate
Record-high inflation data rattles investors,Technology
A massive data breach sends a tech company's stock tumbling,Industrials
New IPO for a popular software firm is oversubscribed,Real Estate
Massive stock buyback program announced by a consumer goods company,Energy
Market sentiment turns positive on vaccine trial results,Retail
Dow Jones plunges as market fears recession,Technology
,Aerospace & Defense
Media and Entertainment companies report a surge in streaming revenue,Transportation
Merger talks between two banks fall through,Utilities
Market sentiment turns positive on vaccine trial results,Energy
Major oil spill sends energy stocks plummeting,Construction
Quarterly report shows surprising losses for retail giants,Technology
Healthcare stocks gain on robust demand and strong outlook,Pharmaceuticals
Semiconductor shortages weigh heavily on tech sector profits,Media & Entertainment
Mining company stock surges on commodity price boom,Transportation
Media and Entertainment companies report a surge in streaming revenue,Agriculture
China's Shanghai Composite falls after new trade restrictions,Automotive
A massive data breach sends a tech company's stock tumbling,Media & Entertainment
Media and Entertainment companies report a surge in streaming revenue,Agriculture
Real Estate sector shows signs of overheating as interest rates fall,Agriculture
New housing data release shows a slowdown in market activity,Automotive
Crude oil prices drop to a multi-year low,Aerospace & Defense
Utilities sector remains stable during market fluctuations,Telecommunications
Major oil spill sends energy stocks plummeting,Consumer Goods
Media and Entertainment companies report a surge in streaming revenue,Automotive
Utilities sector remains stable during market fluctuations,Real Estate
Banking stocks dip after a major scandal is revealed,Industrials
Aerospace and Defense sector sees rally amid geopolitical tensions,Real Estate
Gold prices surge as investors flee riskier assets,Materials
Major technology firm acquires a smaller rival in a multi-billion dollar deal,Media & Entertainment
Central Bank's dovish tone hints at future rate cuts,Finance
Energy company's dividend hike excites shareholders,Materials
Unexpected rise in unemployment fuels market pessimism,Media & Entertainment
Central Bank's dovish tone hints at future rate cuts,Media & Entertainment
ASX 200 gains on strong export performance,Industrials
Government subsidy program gives a lift to the agriculture sector,Telecommunications
Unexpected rise in unemployment fuels market pessimism,Healthcare
Automotive industry faces headwinds from rising material costs,Aerospace & Defense
Consumer confidence index reaches a decade high,Media & Entertainment
Major technology firm acquires a smaller rival in a multi-billion dollar deal,Industrials
Market sentiment turns positive on vaccine trial results,Aerospace & Defense
Financial sector bracing for new capital requirements,Aerospace & Defense
Consumer Discretionary stocks outperform as spending increases,Healthcare
Unexpected rise in unemployment fuels market pessimism,Pharmaceuticals
E-commerce earnings report beats all analyst expectations,Automotive
Automotive industry faces headwinds from rising material costs,Finance
Mining company stock surges on commodity price boom,Automotive
Central Bank Governor signals potential shift in policy,Agriculture
A massive data breach sends a tech company's stock tumbling,Pharmaceuticals
UK's FTSE 100 sees a boost from favorable trade data,Materials
Market braces for a major policy announcement from the EU,Real Estate
Automotive industry faces headwinds from rising material costs,Agriculture
Unexpected rise in unemployment fuels market pessimism,Construction
Market sentiment turns positive on vaccine trial results,Technology
Nikkei 225 index benefits from a weaker yen,Finance
Tech Giant's New Product Launch Sparks Sector-Wide Gains,Aerospace & Defense
Bond yields tumble as investors seek safe havens,Industrials
Geopolitical ceasefire prompts a broad market recovery,Technology
Unexpected rise in unemployment fuels market pessimism,Real Estate
Crude oil prices drop to a multi-year low,Construction
Major technology firm acquires a smaller rival in a multi-billion dollar deal,Automotive
Unexpected rise in unemployment fuels market pessimism,Utilities
Major technology firm acquires a smaller rival in a multi-billion dollar deal,Industrials
Semiconductor shortages weigh heavily on tech sector profits,Agriculture
Energy company's dividend hike excites shareholders,Pharmaceuticals
Government spending bill is expected to stimulate the economy,Healthcare
Manufacturing PMI data signals economic expansion,Consumer Goods
Massive stock buyback program announced by a consumer goods company,Media & Entertainment
Major technology firm acquires a smaller rival in a multi-billion dollar deal,Real Estate
Pharmaceutical company's drug approval drives stock upward,Finance
Tech Giant's New Product Launch Sparks Sector-Wide Gains,Industrials
New IPO for a popular software firm is oversubscribed,Consumer Goods
Merger talks between two banks fall through,Healthcare
Massive stock buyback program announced by a consumer goods company,Aerospace & Defense
Crude oil prices drop to a multi-year low,Pharmaceuticals
E-commerce earnings report beats all analyst expectations,Finance
Manufacturing PMI data signals economic expansion,Finance
Consumer Discretionary stocks outperform as spending increases,Industrials
Mining company stock surges on commodity price boom,Energy
New housing data release shows a slowdown in market activity,Telecommunications
New IPO for a popular software firm is oversubscribed,Automotive
ASX 200 gains on strong export performance,Aerospace & Defense
Consumer Discretionary stocks outperform as spending increases,Automotive
Media and Entertainment companies report a surge in streaming revenue,Consumer Goods
Mining company stock surges on commodity price boom,Finance
Government spending bill is expected to stimulate the economy,Healthcare
Gold prices surge as investors flee riskier assets,Real Estate
Federal Reserve Chairman's speech causes market volatility,Energy
Real Estate sector shows signs of overheating as interest rates fall,Healthcare
UK's FTSE 100 sees a boost from favorable trade data,Aerospace & Defense
Financial services stocks rally on strong profit margins,Aerospace & Defense
Supply chain issues impact manufacturing sector earnings,Agriculture
Manufacturing PMI data signals economic expansion,Construction
Media and Entertainment companies report a surge in streaming revenue,Construction
Consumer confidence index reaches a decade high,Real Estate
Central bank maintains status quo on interest rates,Real Estate
Central bank maintains status quo on interest rates,Consumer Goods
Market braces for a major policy announcement from the EU,Transportation
Manufacturing PMI data signals economic expansion,Technology
Federal Reserve Chairman's speech causes market volatility,Pharmaceuticals
Real Estate sector shows signs of overheating as interest rates fall,Utilities
Utilities sector remains stable during market fluctuations,Finance
Supply chain issues impact manufacturing sector earnings,Industrials
Financial services stocks rally on strong profit margins,Consumer Goods
Nikkei 225 index benefits from a weaker yen,Agriculture
Unexpected rise in unemployment fuels market pessimism,Transportation
Massive stock buyback program announced by a consumer goods company,Real Estate
Automotive industry faces headwinds from rising material costs,Transportation
Healthcare stocks gain on robust demand and strong outlook,Materials
Media and Entertainment companies report a surge in streaming revenue,Aerospace & Defense
,Pharmaceuticals
UK's FTSE 100 sees a boost from favorable trade data,Finance
Central Bank's dovish tone hints at future rate cuts,Transportation
,Materials
Major technology firm acquires a smaller rival in a multi-billion dollar deal,Pharmaceuticals
Major oil spill sends energy stocks plummeting,Real Estate
New IPO for a popular software firm is oversubscribed,Construction
Government policy shift boosts renewable energy sector,Transportation
Energy company's dividend hike excites shareholders,Consumer Goods
Real Estate sector shows signs of overheating as interest rates fall,Automotive
Dow Jones plunges as market fears recession,Retail
Financial services stocks rally on strong profit margins,Industrials
Massive stock buyback program announced by a consumer goods company,Utilities
E-commerce earnings report beats all analyst expectations,Media & Entertainment
Geopolitical ceasefire prompts a broad market recovery,Telecommunications
Semiconductor shortages weigh heavily on tech sector profits,Automotive
A massive data breach sends a tech company's stock tumbling,Agriculture
,Materials
Nikkei 225 index benefits from a weaker yen,Transportation
E-commerce earnings report beats all analyst expectations,Technology
Utilities sector remains stable during market fluctuations,Construction
Banking stocks dip after a major scandal is revealed,Construction
Energy company's dividend hike excites shareholders,Materials
Tech Giant's New Product Launch Sparks Sector-Wide Gains,Consumer Goods
Healthcare stocks gain on robust demand and strong outlook,Automotive
Bond yields tumble as investors seek safe havens,Pharmaceuticals
Major oil spill sends energy stocks plummeting,Healthcare
,Automotive
Semiconductor shortages weigh heavily on tech sector profits,Media & Entertainment
Supply chain issues impact manufacturing sector earnings,Healthcare
Merger talks between two banks fall through,Utilities
Supply chain issues impact manufacturing sector earnings,Industrials
Supply chain issues impact manufacturing sector earnings,Technology
Federal Reserve Chairman's speech causes market volatility,Agriculture
Central Bank's dovish tone hints at future rate cuts,Materials
Utilities sector remains stable during market fluctuations,Media & Entertainment
,Agriculture
New IPO for a popular software firm is oversubscribed,Media & Entertainment
Aerospace and Defense sector sees rally amid geopolitical tensions,Automotive
Consumer Discretionary stocks outperform as spending increases,Construction
Geopolitical ceasefire prompts a broad market recovery,Retail
Semiconductor shortages weigh heavily on tech sector profits,Agriculture
Consumer confidence index reaches a decade high,Materials
Financial sector bracing for new capital requirements,Real Estate
Utilities sector remains stable during market fluctuations,Automotive
Retail sales report surpasses all forecasts,Finance
Mining company stock surges on commodity price boom,Utilities
ASX 200 gains on strong export performance,Finance
Tech Giant's New Product Launch Sparks Sector-Wide Gains,Healthcare
Major oil spill sends energy stocks plummeting,Media & Entertainment
New housing data release shows a slowdown in market activity,Media & Entertainment
Government subsidy program gives a lift to the agriculture sector,Retail
Gold prices surge as investors flee riskier assets,Media & Entertainment
Manufacturing PMI data signals economic expansion,Energy
"Global trade talks collapse, causing market turmoil",Utilities
Bond yields tumble as investors seek safe havens,Real Estate
New regulations on cryptocurrencies cause a market dip,Agriculture
Market sentiment turns positive on vaccine trial results,Automotive
Bond yields tumble as investors seek safe havens,Automotive
Banking stocks dip after a major scandal is revealed,Healthcare
Manufacturing PMI data signals economic expansion,Utilities
Automotive industry faces headwinds from rising material costs,Energy
,Utilities
ASX 200 gains on strong export performance,Transportation
Government policy shift boosts renewable energy sector,Automotive
Aerospace and Defense sector sees rally amid geopolitical tensions,Real Estate
Bond yields tumble as investors seek safe havens,Agriculture
Federal Reserve Chairman's speech causes market volatility,Energy
Federal Reserve Chairman's speech causes market volatility,Construction
Consumer confidence index reaches a decade high,Media & Entertainment
Gold prices surge as investors flee riskier assets,Technology
Banking stocks dip after a major scandal is revealed,Technology
Media and Entertainment companies report a surge in streaming revenue,Aerospace & Defense
New regulations on cryptocurrencies cause a market dip,Automotive
A massive data breach sends a tech company's stock tumbling,Media & Entertainment
,Agriculture
Central Bank Governor signals potential shift in policy,Materials
Automotive industry faces headwinds from rising material costs,Pharmaceuticals
E-commerce earnings report beats all analyst expectations,Utilities
Central Bank Governor signals potential shift in policy,Industrials
Automotive industry faces headwinds from rising material costs,Healthcare
,Finance
Central Bank's dovish tone hints at future rate cuts,Transportation
Supply chain issues impact manufacturing sector earnings,Media & Entertainment
Bond yields tumble as investors seek safe havens,Construction
,Retail
Healthcare stocks gain on robust demand and strong outlook,Materials
Consumer Discretionary stocks outperform as spending increases,Industrials
Geopolitical ceasefire prompts a broad market recovery,Telecommunications
Automotive industry faces headwinds from rising material costs,Industrials
Utilities sector remains stable during market fluctuations,Real Estate
Consumer confidence index reaches a decade high,Energy
Retail sales report surpasses all forecasts,Media & Entertainment
Central Bank Governor signals potential shift in policy,Real Estate
Government spending bill is expected to stimulate the economy,Aerospace & Defense
Retail sales report surpasses all forecasts,Agriculture
New regulations on cryptocurrencies cause a market dip,Pharmaceuticals
Market sentiment turns positive on vaccine trial results,Real Estate
China's Shanghai Composite falls after new trade restrictions,Transportation
Aerospace and Defense sector sees rally amid geopolitical tensions,Real Estate
Unexpected rise in unemployment fuels market pessimism,Finance
Major technology firm acquires a smaller rival in a multi-billion dollar deal,Agriculture
Unexpected rise in unemployment fuels market pessimism,Retail
Federal Reserve Chairman's speech causes market volatility,Real Estate
A massive data breach sends a tech company's stock tumbling,Retail
,Materials
Nikkei 225 index benefits from a weaker yen,Technology
China's Shanghai Composite falls after new trade restrictions,Technology
Major technology firm acquires a smaller rival in a multi-billion dollar deal,Healthcare
Market sentiment turns positive on vaccine trial results,Industrials
Unexpected rise in unemployment fuels market pessimism,Technology
"Global trade talks collapse, causing market turmoil",Consumer Goods
Dow Jones plunges as market fears recession,Aerospace & Defense
Banking stocks dip after a major scandal is revealed,Consumer Goods
Automotive industry faces headwinds from rising material costs,Construction
Media and Entertainment companies report a surge in streaming revenue,Aerospace & Defense
,Construction
ASX 200 gains on strong export performance,Technology
Aerospace and Defense sector sees rally amid geopolitical tensions,Telecommunications
Major oil spill sends energy stocks plummeting,Transportation
Banking stocks dip after a major scandal is revealed,Retail
Energy company's dividend hike excites shareholders,Finance
Automotive industry faces headwinds from rising material costs,Technology
Crude oil prices drop to a multi-year low,Transportation
Tech Giant's New Product Launch Sparks Sector-Wide Gains,Agriculture
Quarterly report shows surprising losses for retail giants,Energy
New housing data release shows a slowdown in market activity,Retail
Consumer Discretionary stocks outperform as spending increases,Utilities
Retail sales report surpasses all forecasts,Healthcare
A massive data breach sends a tech company's stock tumbling,Retail
Tech Giant's New Product Launch Sparks Sector-Wide Gains,Telecommunications
Supply chain issues impact manufacturing sector earnings,Healthcare
Consumer Discretionary stocks outperform as spending increases,Energy
Major technology firm acquires a smaller rival in a multi-billion dollar deal,Media & Entertainment
Bond yields tumble as investors seek safe havens,Retail
UK's FTSE 100 sees a boost from favorable trade data,Materials
Mining company stock surges on commodity price boom,Healthcare
Financial sector bracing for new capital requirements,Technology
Financial services stocks rally on strong profit margins,Materials
E-commerce earnings report beats all analyst expectations,Aerospace & Defense
Central bank maintains status quo on interest rates,Media & Entertainment
Nikkei 225 index benefits from a weaker yen,Aerospace & Defense
Mining company stock surges on commodity price boom,Real Estate
Automotive industry faces headwinds from rising material costs,Aerospace & Defense
Nikkei 225 index benefits from a weaker yen,Real Estate
Aerospace and Defense sector sees rally amid geopolitical tensions,Transportation
Retail sales report surpasses all forecasts,Technology
Market sentiment turns positive on vaccine trial results,Technology
Market sentiment turns positive on vaccine trial results,Healthcare
Dow Jones plunges as market fears recession,Finance
Central Bank Governor signals potential shift in policy,Technology
Banking stocks dip after a major scandal is revealed,Telecommunications
,Pharmaceuticals
Supply chain issues impact manufacturing sector earnings,Retail
Market sentiment turns positive on vaccine trial results,Real Estate
UK's FTSE 100 sees a boost from favorable trade data,Utilities
Gold prices surge as investors flee riskier assets,Industrials
Record-high inflation data rattles investors,Construction
Automotive industry faces headwinds from rising material costs,Energy
Federal Reserve Chairman's speech causes market volatility,Materials
Gold prices surge as investors flee riskier assets,Automotive
Financial sector bracing for new capital requirements,Healthcare
UK's FTSE 100 sees a boost from favorable trade data,Energy
New IPO for a popular software firm is oversubscribed,Telecommunications
Utilities sector remains stable during market fluctuations,Agriculture
Utilities sector remains stable during market fluctuations,Consumer Goods
Tech Giant's New Product Launch Sparks Sector-Wide Gains,Media & Entertainment
ASX 200 gains on strong export performance,Materials
Government policy shift boosts renewable energy sector,Utilities
,Healthcare
Tech Giant's New Product Launch Sparks Sector-Wide Gains,Agriculture
E-commerce earnings report beats all analyst expectations,Real Estate
Tech Giant's New Product Launch Sparks Sector-Wide Gains,Telecommunications
Energy company's dividend hike excites shareholders,Pharmaceuticals
E-commerce earnings report beats all analyst expectations,Energy
Central Bank's dovish tone hints at future rate cuts,Industrials
Mining company stock surges on commodity price boom,Finance
UK's FTSE 100 sees a boost from favorable trade data,Consumer Goods
Nikkei 225 index benefits from a weaker yen,Agriculture
Merger talks between two banks fall through,Automotive
Government spending bill is expected to stimulate the economy,Energy
Aerospace and Defense sector sees rally amid geopolitical tensions,Aerospace & Defense
,Utilities
Gold prices surge as investors flee riskier assets,Finance
New housing data release shows a slowdown in market activity,Media & Entertainment
Quarterly report shows surprising losses for retail giants,Finance
UK's FTSE 100 sees a boost from favorable trade data,Media & Entertainment
Real Estate sector shows signs of overheating as interest rates fall,Industrials
Real Estate sector shows signs of overheating as interest rates fall,Energy
New regulations on cryptocurrencies cause a market dip,Industrials
China's Shanghai Composite falls after new trade restrictions,Finance
Massive stock buyback program announced by a consumer goods company,Finance
Unexpected rise in unemployment fuels market pessimism,Construction
Government spending bill is expected to stimulate the economy,Retail
,Real Estate
Healthcare stocks gain on robust demand and strong outlook,Utilities
China's Shanghai Composite falls after new trade restrictions,Telecommunications
Utilities sector remains stable during market fluctuations,Media & Entertainment
Media and Entertainment companies report a surge in streaming revenue,Materials
,Media & Entertainment
Central Bank Governor signals potential shift in policy,Industrials
Supply chain issues impact manufacturing sector earnings,Consumer Goods
Semiconductor shortages weigh heavily on tech sector profits,Finance
Energy company's dividend hike excites shareholders,Media & Entertainment
Mining company stock surges on commodity price boom,Transportation
Pharmaceutical company's drug approval drives stock upward,Pharmaceuticals
Gold prices surge as investors flee riskier assets,Agriculture
Consumer confidence index reaches a decade high,Retail
Central Bank Governor signals potential shift in policy,Construction
Bond yields tumble as investors seek safe havens,Consumer Goods
Tech Giant's New Product Launch Sparks Sector-Wide Gains,Retail
Gold prices surge as investors flee riskier assets,Media & Entertainment
ASX 200 gains on strong export performance,Materials
Financial services stocks rally on strong profit margins,Healthcare
Geopolitical ceasefire prompts a broad market recovery,Materials
Record-high inflation data rattles investors,Retail
New regulations on cryptocurrencies cause a market dip,Consumer Goods
Consumer confidence index reaches a decade high,Healthcare
Massive stock buyback program announced by a consumer goods company,Energy
New IPO for a popular software firm is oversubscribed,Consumer Goods
Dow Jones plunges as market fears recession,Materials
Tech Giant's New Product Launch Sparks Sector-Wide Gains,Technology
Consumer Discretionary stocks outperform as spending increases,Automotive
Healthcare stocks gain on robust demand and strong outlook,Energy
Government policy shift boosts renewable energy sector,Technology
Bond yields tumble as investors seek safe havens,Automotive
Dow Jones plunges as market fears recession,Industrials
Energy company's dividend hike excites shareholders,Technology
Record-high inflation data rattles investors,Energy
Consumer Discretionary stocks outperform as spending increases,Automotive
Utilities sector remains stable during market fluctuations,Retail
New housing data release shows a slowdown in market activity,Automotive
Massive stock buyback program announced by a consumer goods company,Retail
Financial services stocks rally on strong profit margins,Automotive
Market sentiment turns positive on vaccine trial results,Retail
Utilities sector remains stable during market fluctuations,Technology
ASX 200 gains on strong export performance,Finance
Mining company stock surges on commodity price boom,Consumer Goods
Merger talks between two banks fall through,Materials
Market braces for a major policy announcement from the EU,Transportation
Semiconductor shortages weigh heavily on tech sector profits,Media & Entertainment
Manufacturing PMI data signals economic expansion,Telecommunications
Unexpected rise in unemployment fuels market pessimism,Technology
China's Shanghai Composite falls after new trade restrictions,Materials
Record-high inflation data rattles investors,Technology
China's Shanghai Composite falls after new trade restrictions,Automotive
,Healthcare
"Global trade talks collapse, causing market turmoil",Media & Entertainment
Unexpected rise in unemployment fuels market pessimism,Telecommunications
New regulations on cryptocurrencies cause a market dip,Transportation
Banking stocks dip after a major scandal is revealed,Materials
Major technology firm acquires a smaller rival in a multi-billion dollar deal,Aerospace & Defense
E-commerce earnings report beats all analyst expectations,Agriculture
Manufacturing PMI data signals economic expansion,Media & Entertainment
New IPO for a popular software firm is oversubscribed,Telecommunications
Financial services stocks rally on strong profit margins,Technology
Government subsidy program gives a lift to the agriculture sector,Healthcare
Manufacturing PMI data signals economic expansion,Technology
Crude oil prices drop to a multi-year low,Construction
Real Estate sector shows signs of overheating as interest rates fall,Healthcare
Market sentiment turns positive on vaccine trial results,Pharmaceuticals
Semiconductor shortages weigh heavily on tech sector profits,Media & Entertainment
Financial services stocks rally on strong profit margins,Pharmaceuticals
Quarterly report shows surprising losses for retail giants,Industrials
Central Bank Governor signals potential shift in policy,Materials
Central bank maintains status quo on interest rates,Materials
Financial sector bracing for new capital requirements,Technology
Massive stock buyback program announced by a consumer goods company,Construction
Major technology firm acquires a smaller rival in a multi-billion dollar deal,Consumer Goods
Aerospace and Defense sector sees rally amid geopolitical tensions,Retail
New housing data release shows a slowdown in market activity,Finance
New IPO for a popular software firm is oversubscribed,Technology
Tech Giant's New Product Launch Sparks Sector-Wide Gains,Consumer Goods
Automotive industry faces headwinds from rising material costs,Construction
Retail sales report surpasses all forecasts,Transportation
,Finance
Geopolitical ceasefire prompts a broad market recovery,Agriculture
UK's FTSE 100 sees a boost from favorable trade data,Pharmaceuticals
Energy company's dividend hike excites shareholders,Construction
Banking stocks dip after a major scandal is revealed,Pharmaceuticals
Major technology firm acquires a smaller rival in a multi-billion dollar deal,Media & Entertainment
Consumer confidence index reaches a decade high,Construction
Government spending bill is expected to stimulate the economy,Utilities
Automotive industry faces headwinds from rising material costs,Transportation
Major technology firm acquires a smaller rival in a multi-billion dollar deal,Transportation
Tech Giant's New Product Launch Sparks Sector-Wide Gains,Real Estate
Gold prices surge as investors flee riskier assets,Healthcare
Media and Entertainment companies report a surge in streaming revenue,Retail
Healthcare stocks gain on robust demand and strong outlook,Transportation
Government policy shift boosts renewable energy sector,Industrials
New regulations on cryptocurrencies cause a market dip,Healthcare
Unexpected rise in unemployment fuels market pessimism,Healthcare
Healthcare stocks gain on robust demand and strong outlook,Telecommunications
Government subsidy program gives a lift to the agriculture sector,Aerospace & Defense
Bond yields tumble as investors seek safe havens,Utilities
Market braces for a major policy announcement from the EU,Aerospace & Defense
Quarterly report shows surprising losses for retail giants,Telecommunications
Federal Reserve Chairman's speech causes market volatility,Real Estate
Central Bank's dovish tone hints at future rate cuts,Automotive
Semiconductor shortages weigh heavily on tech sector profits,Utilities
Manufacturing PMI data signals economic expansion,Pharmaceuticals
Market sentiment turns positive on vaccine trial results,Media & Entertainment
Banking stocks dip after a major scandal is revealed,Energy
Real Estate sector shows signs of overheating as interest rates fall,Agriculture
Nikkei 225 index benefits from a weaker yen,Materials
Real Estate sector shows signs of overheating as interest rates fall,Construction
Geopolitical ceasefire prompts a broad market recovery,Aerospace & Defense
Consumer Discretionary stocks outperform as spending increases,Materials
Manufacturing PMI data signals economic expansion,Telecommunications
Government subsidy program gives a lift to the agriculture sector,Agriculture
Bond yields tumble as investors seek safe havens,Technology
New housing data release shows a slowdown in market activity,Utilities
Financial sector bracing for new capital requirements,Real Estate
Semiconductor shortages weigh heavily on tech sector profits,Materials
Supply chain issues impact manufacturing sector earnings,Healthcare
Central Bank Governor signals potential shift in policy,Energy
Government subsidy program gives a lift to the agriculture sector,Technology
Massive stock buyback program announced by a consumer goods company,Energy
China's Shanghai Composite falls after new trade restrictions,Materials
Market braces for a major policy announcement from the EU,Healthcare
Merger talks between two banks fall through,Real Estate
Geopolitical ceasefire prompts a broad market recovery,Aerospace & Defense
Major technology firm acquires a smaller rival in a multi-billion dollar deal,Pharmaceuticals
"Global trade talks collapse, causing market turmoil",Agriculture
UK's FTSE 100 sees a boost from favorable trade data,Telecommunications
Automotive industry faces headwinds from rising material costs,Energy
Banking stocks dip after a major scandal is revealed,Automotive
Nikkei 225 index benefits from a weaker yen,Industrials
Real Estate sector shows signs of overheating as interest rates fall,Aerospace & Defense
Record-high inflation data rattles investors,Materials
Gold prices surge as investors flee riskier assets,Technology
,Media & Entertainment
Record-high inflation data rattles investors,Energy
Government policy shift boosts renewable energy sector,Automotive
Consumer Discretionary stocks outperform as spending increases,Energy
Government subsidy program gives a lift to the agriculture sector,Materials
Consumer Discretionary stocks outperform as spending increases,Pharmaceuticals
Banking stocks dip after a major scandal is revealed,Energy
Bond yields tumble as investors seek safe havens,Energy
Aerospace and Defense sector sees rally amid geopolitical tensions,Pharmaceuticals
Central bank maintains status quo on interest rates,Automotive
Manufacturing PMI data signals economic expansion,Pharmaceuticals
Supply chain issues impact manufacturing sector earnings,Healthcare
Aerospace and Defense sector sees rally amid geopolitical tensions,Media & Entertainment
Automotive industry faces headwinds from rising material costs,Automotive
Semiconductor shortages weigh heavily on tech sector profits,Consumer Goods
Tech Giant's New Product Launch Sparks Sector-Wide Gains,Utilities
ASX 200 gains on strong export performance,Utilities
Financial services stocks rally on strong profit margins,Real Estate
Nikkei 225 index benefits from a weaker yen,Aerospace & Defense
E-commerce earnings report beats all analyst expectations,Industrials
Government policy shift boosts renewable energy sector,Utilities
Mining company stock surges on commodity price boom,Telecommunications
Market braces for a major policy announcement from the EU,Agriculture
E-commerce earnings report beats all analyst expectations,Pharmaceuticals
Government spending bill is expected to stimulate the economy,Retail
Automotive industry faces headwinds from rising material costs,Telecommunications
Market braces for a major policy announcement from the EU,Industrials
New IPO for a popular software firm is oversubscribed,Energy
Pharmaceutical company's drug approval drives stock upward,Healthcare
Central Bank's dovish tone hints at future rate cuts,Finance
Tech Giant's New Product Launch Sparks Sector-Wide Gains,Agriculture
Real Estate sector shows signs of overheating as interest rates fall,Industrials
Banking stocks dip after a major scandal is revealed,Energy
UK's FTSE 100 sees a boost from favorable trade data,Healthcare
Market sentiment turns positive on vaccine trial results,Healthcare
Consumer confidence index reaches a decade high,Healthcare
Semiconductor shortages weigh heavily on tech sector profits,Automotive
Automotive industry faces headwinds from rising material costs,Agriculture
China's Shanghai Composite falls after new trade restrictions,Aerospace & Defense
New housing data release shows a slowdown in market activity,Retail
Central Bank's dovish tone hints at future rate cuts,Consumer Goods
Utilities sector remains stable during market fluctuations,Pharmaceuticals
Government subsidy program gives a lift to the agriculture sector,Finance
Media and Entertainment companies report a surge in streaming revenue,Transportation
Utilities sector remains stable during market fluctuations,Energy
Energy company's dividend hike excites shareholders,Energy
Automotive industry faces headwinds from rising material costs,Utilities
Mining company stock surges on commodity price boom,Energy
UK's FTSE 100 sees a boost from favorable trade data,Technology
,Retail
Utilities sector remains stable during market fluctuations,Retail
E-commerce earnings report beats all analyst expectations,Retail
Merger talks between two banks fall through,Automotive
Aerospace and Defense sector sees rally amid geopolitical tensions,Materials
Dow Jones plunges as market fears recession,Agriculture
Energy company's dividend hike excites shareholders,Healthcare
Mining company stock surges on commodity price boom,Consumer Goods
Semiconductor shortages weigh heavily on tech sector profits,Pharmaceuticals
Dow Jones plunges as market fears recession,Transportation
China's Shanghai Composite falls after new trade restrictions,Utilities
Real Estate sector shows signs of overheating as interest rates fall,Healthcare
Dow Jones plunges as market fears recession,Industrials
New housing data release shows a slowdown in market activity,Technology
Automotive industry faces headwinds from rising material costs,Utilities
Government subsidy program gives a lift to the agriculture sector,Pharmaceuticals
Major oil spill sends energy stocks plummeting,Transportation
Federal Reserve Chairman's speech causes market volatility,Construction
Healthcare stocks gain on robust demand and strong outlook,Materials
Media and Entertainment companies report a surge in streaming revenue,Energy
Central Bank's dovish tone hints at future rate cuts,Telecommunications
Government spending bill is expected to stimulate the economy,Materials
Record-high inflation data rattles investors,Retail
Massive stock buyback program announced by a consumer goods company,Pharmaceuticals
Federal Reserve Chairman's speech causes market volatility,Utilities
Major oil spill sends energy stocks plummeting,Utilities
Aerospace and Defense sector sees rally amid geopolitical tensions,Retail
Record-high inflation data rattles investors,Materials
Quarterly report shows surprising losses for retail giants,Energy
,Healthcare
Healthcare stocks gain on robust demand and strong outlook,Telecommunications
Financial sector bracing for new capital requirements,Agriculture
ASX 200 gains on strong export performance,Consumer Goods
Nikkei 225 index benefits from a weaker yen,Finance
Government subsidy program gives a lift to the agriculture sector,Agriculture
Financial sector bracing for new capital requirements,Materials
Dow Jones plunges as market fears recession,Automotive
Real Estate sector shows signs of overheating as interest rates fall,Transportation
E-commerce earnings report beats all analyst expectations,Aerospace & Defense
Massive stock buyback program announced by a consumer goods company,Agriculture
A massive data breach sends a tech company's stock tumbling,Industrials
Geopolitical ceasefire prompts a broad market recovery,Materials
Consumer confidence index reaches a decade high,Healthcare
"Global trade talks collapse, causing market turmoil",Retail
New housing data release shows a slowdown in market activity,Materials
Consumer Discretionary stocks outperform as spending increases,Transportation
Financial sector bracing for new capital requirements,Healthcare
Consumer Discretionary stocks outperform as spending increases,Telecommunications
Gold prices surge as investors flee riskier assets,Agriculture
Financial sector bracing for new capital requirements,Industrials
"Global trade talks collapse, causing market turmoil",Pharmaceuticals
Banking stocks dip after a major scandal is revealed,Automotive
Crude oil prices drop to a multi-year low,Transportation
Federal Reserve Chairman's speech causes market volatility,Healthcare
Consumer confidence index reaches a decade high,Technology
Healthcare stocks gain on robust demand and strong outlook,Utilities
Central Bank's dovish tone hints at future rate cuts,Automotive
Major oil spill sends energy stocks plummeting,Retail
A massive data breach sends a tech company's stock tumbling,Media & Entertainment
Manufacturing PMI data signals economic expansion,Retail
Market braces for a major policy announcement from the EU,Pharmaceuticals
Central bank maintains status quo on interest rates,Retail
Consumer Discretionary stocks outperform as spending increases,Industrials
Government spending bill is expected to stimulate the economy,Technology
Bond yields tumble as investors seek safe havens,Consumer Goods
Major oil spill sends energy stocks plummeting,Industrials
Gold prices surge as investors flee riskier assets,Technology
"Global trade talks collapse, causing market turmoil",Consumer Goods
Financial services stocks rally on strong profit margins,Consumer Goods
Quarterly report shows surprising losses for retail giants,Industrials
Federal Reserve Chairman's speech causes market volatility,Automotive
Gold prices surge as investors flee riskier assets,Utilities
Media and Entertainment companies report a surge in streaming revenue,Utilities
New IPO for a popular software firm is oversubscribed,Aerospace & Defense
Energy company's dividend hike excites shareholders,Telecommunications
New housing data release shows a slowdown in market activity,Technology
Major oil spill sends energy stocks plummeting,Media & Entertainment
Major oil spill sends energy stocks plummeting,Real Estate
Dow Jones plunges as market fears recession,Consumer Goods
Federal Reserve Chairman's speech causes market volatility,Agriculture
,Telecommunications
Consumer confidence index reaches a decade high,Utilities
Government policy shift boosts renewable energy sector,Media & Entertainment
Merger talks between two banks fall through,Healthcare
Central bank maintains status quo on interest rates,Consumer Goods
Quarterly report shows surprising losses for retail giants,Finance
Market braces for a major policy announcement from the EU,Utilities
Crude oil prices drop to a multi-year low,Utilities
Market sentiment turns positive on vaccine trial results,Utilities
Government subsidy program gives a lift to the agriculture sector,Healthcare
Healthcare stocks gain on robust demand and strong outlook,Energy
Pharmaceutical company's drug approval drives stock upward,Telecommunications
Central bank maintains status quo on interest rates,Automotive
,Materials
Geopolitical ceasefire prompts a broad market recovery,Media & Entertainment
Healthcare stocks gain on robust demand and strong outlook,Technology
Real Estate sector shows signs of overheating as interest rates fall,Agriculture
A massive data breach sends a tech company's stock tumbling,Transportation
Gold prices surge as investors flee riskier assets,Industrials
Aerospace and Defense sector sees rally amid geopolitical tensions,Transportation
Government subsidy program gives a lift to the agriculture sector,Transportation
Utilities sector remains stable during market fluctuations,Construction
Geopolitical ceasefire prompts a broad market recovery,Aerospace & Defense
A massive data breach sends a tech company's stock tumbling,Technology
Real Estate sector shows signs of overheating as interest rates fall,Consumer Goods
"Global trade talks collapse, causing market turmoil",Transportation
Manufacturing PMI data signals economic expansion,Media & Entertainment
Major technology firm acquires a smaller rival in a multi-billion dollar deal,Transportation
Tech Giant's New Product Launch Sparks Sector-Wide Gains,Finance
Major technology firm acquires a smaller rival in a multi-billion dollar deal,Real Estate
Energy company's dividend hike excites shareholders,Industrials
Financial sector bracing for new capital requirements,Consumer Goods
Healthcare stocks gain on robust demand and strong outlook,Materials
Nikkei 225 index benefits from a weaker yen,Materials
Aerospace and Defense sector sees rally amid geopolitical tensions,Materials
UK's FTSE 100 sees a boost from favorable trade data,Construction
Manufacturing PMI data signals economic expansion,Construction
,Pharmaceuticals
,Retail
A massive data breach sends a tech company's stock tumbling,Retail
Massive stock buyback program announced by a consumer goods company,Energy
New regulations on cryptocurrencies cause a market dip,Pharmaceuticals
Merger talks between two banks fall through,Utilities
New regulations on cryptocurrencies cause a market dip,Energy
Automotive industry faces headwinds from rising material costs,Automotive
,Aerospace & Defense
Financial sector bracing for new capital requirements,Technology
New IPO for a popular software firm is oversubscribed,Industrials
Automotive industry faces headwinds from rising material costs,Media & Entertainment
Major oil spill sends energy stocks plummeting,Telecommunications
Automotive industry faces headwinds from rising material costs,Transportation
A massive data breach sends a tech company's stock tumbling,Aerospace & Defense
Federal Reserve Chairman's speech causes market volatility,Real Estate
Financial sector bracing for new capital requirements,Materials
Geopolitical ceasefire prompts a broad market recovery,Energy
New housing data release shows a slowdown in market activity,Utilities
UK's FTSE 100 sees a boost from favorable trade data,Utilities
Government spending bill is expected to stimulate the economy,Consumer Goods
Massive stock buyback program announced by a consumer goods company,Industrials
Geopolitical ceasefire prompts a broad market recovery,Finance
Nikkei 225 index benefits from a weaker yen,Media & Entertainment
Retail sales report surpasses all forecasts,Consumer Goods
,Materials
,Pharmaceuticals
Government policy shift boosts renewable energy sector,Healthcare
Tech Giant's New Product Launch Sparks Sector-Wide Gains,Industrials
Market braces for a major policy announcement from the EU,Technology
Market sentiment turns positive on vaccine trial results,Transportation
ASX 200 gains on strong export performance,Media & Entertainment
ASX 200 gains on strong export performance,Construction
Major technology firm acquires a smaller rival in a multi-billion dollar deal,Automotive
A massive data breach sends a tech company's stock tumbling,Automotive
Central bank maintains status quo on interest rates,Telecommunications
UK's FTSE 100 sees a boost from favorable trade data,Media & Entertainment
Media and Entertainment companies report a surge in streaming revenue,Construction
Government subsidy program gives a lift to the agriculture sector,Retail
Manufacturing PMI data signals economic expansion,Energy
Energy company's dividend hike excites shareholders,Automotive
UK's FTSE 100 sees a boost from favorable trade data,Healthcare
Utilities sector remains stable during market fluctuations,Automotive
Financial sector bracing for new capital requirements,Construction
Government subsidy program gives a lift to the agriculture sector,Aerospace & Defense
Central Bank Governor signals potential shift in policy,Telecommunications
Pharmaceutical company's drug approval drives stock upward,Finance
Government spending bill is expected to stimulate the economy,Transportation
Consumer confidence index reaches a decade high,Technology
Central Bank Governor signals potential shift in policy,Construction
Consumer confidence index reaches a decade high,Materials
New IPO for a popular software firm is oversubscribed,Construction
UK's FTSE 100 sees a boost from favorable trade data,Utilities
Real Estate sector shows signs of overheating as interest rates fall,Agriculture
Semiconductor shortages weigh heavily on tech sector profits,Industrials
Mining company stock surges on commodity price boom,Transportation
Consumer confidence index reaches a decade high,Pharmaceuticals
Utilities sector remains stable during market fluctuations,Technology
Financial services stocks rally on strong profit margins,Real Estate
,Transportation
Federal Reserve Chairman's speech causes market volatility,Healthcare
Aerospace and Defense sector sees rally amid geopolitical tensions,Telecommunications
Crude oil prices drop to a multi-year low,Materials
Government subsidy program gives a lift to the agriculture sector,Media & Entertainment
Tech Giant's New Product Launch Sparks Sector-Wide Gains,Utilities
Utilities sector remains stable during market fluctuations,Technology
Merger talks between two banks fall through,Healthcare
Central bank maintains status quo on interest rates,Pharmaceuticals
Central Bank's dovish tone hints at future rate cuts,Pharmaceuticals
Real Estate sector shows signs of overheating as interest rates fall,Energy
Nikkei 225 index benefits from a weaker yen,Real Estate
Dow Jones plunges as market fears recession,Transportation
Retail sales report surpasses all forecasts,Transportation
Gold prices surge as investors flee riskier assets,Industrials
Crude oil prices drop to a multi-year low,Energy
China's Shanghai Composite falls after new trade restrictions,Pharmaceuticals
Unexpected rise in unemployment fuels market pessimism,Construction
Aerospace and Defense sector sees rally amid geopolitical tensions,Utilities
Retail sales report surpasses all forecasts,Real Estate
Automotive industry faces headwinds from rising material costs,Construction
Aerospace and Defense sector sees rally amid geopolitical tensions,Telecommunications
Major technology firm acquires a smaller rival in a multi-billion dollar deal,Aerospace & Defense
Market braces for a major policy announcement from the EU,Retail
E-commerce earnings report beats all analyst expectations,Pharmaceuticals
Massive stock buyback program announced by a consumer goods company,Telecommunications
Manufacturing PMI data signals economic expansion,Automotive
Pharmaceutical company's drug approval drives stock upward,Healthcare
New regulations on cryptocurrencies cause a market dip,Industrials
Utilities sector remains stable during market fluctuations,Finance
Gold prices surge as investors flee riskier assets,Aerospace & Defense
Semiconductor shortages weigh heavily on tech sector profits,Construction
A massive data breach sends a tech company's stock tumbling,Aerospace & Defense
Government policy shift boosts renewable energy sector,Transportation
Major oil spill sends energy stocks plummeting,Agriculture
Major technology firm acquires a smaller rival in a multi-billion dollar deal,Industrials
New IPO for a popular software firm is oversubscribed,Automotive
Financial sector bracing for new capital requirements,Materials
Government spending bill is expected to stimulate the economy,Construction
Consumer confidence index reaches a decade high,Industrials
Gold prices surge as investors flee riskier assets,Telecommunications
,Media & Entertainment
Geopolitical ceasefire prompts a broad market recovery,Materials
"Global trade talks collapse, causing market turmoil",Agriculture
New IPO for a popular software firm is oversubscribed,Industrials
Consumer Discretionary stocks outperform as spending increases,Healthcare
Consumer confidence index reaches a decade high,Pharmaceuticals
New regulations on cryptocurrencies cause a market dip,Telecommunications
Pharmaceutical company's drug approval drives stock upward,Transportation
Manufacturing PMI data signals economic expansion,Technology
Market braces for a major policy announcement from the EU,Automotive
Real Estate sector shows signs of overheating as interest rates fall,Aerospace & Defense
New IPO for a popular software firm is oversubscribed,Aerospace & Defense
Market braces for a major policy announcement from the EU,Construction
Financial sector bracing for new capital requirements,Consumer Goods
Media and Entertainment companies report a surge in streaming revenue,Materials
Utilities sector remains stable during market fluctuations,Finance
Manufacturing PMI data signals economic expansion,Telecommunications
Federal Reserve Chairman's speech causes market volatility,Materials
Banking stocks dip after a major scandal is revealed,Technology
Pharmaceutical company's drug approval drives stock upward,Retail
New IPO for a popular software firm is oversubscribed,Finance
Financial sector bracing for new capital requirements,Agriculture
Mining company stock surges on commodity price boom,Technology
Unexpected rise in unemployment fuels market pessimism,Telecommunications
Healthcare stocks gain on robust demand and strong outlook,Industrials
Quarterly report shows surprising losses for retail giants,Energy
A massive data breach sends a tech company's stock tumbling,Transportation
Unexpected rise in unemployment fuels market pessimism,Media & Entertainment
E-commerce earnings report beats all analyst expectations,Automotive
Banking stocks dip after a major scandal is revealed,Agriculture
Pharmaceutical company's drug approval drives stock upward,Construction
New housing data release shows a slowdown in market activity,Finance
Mining company stock surges on commodity price boom,Transportation
Market braces for a major policy announcement from the EU,Pharmaceuticals
Tech Giant's New Product Launch Sparks Sector-Wide Gains,Aerospace & Defense
Geopolitical ceasefire prompts a broad market recovery,Materials
New housing data release shows a slowdown in market activity,Utilities
Geopolitical ceasefire prompts a broad market recovery,Technology
Semiconductor shortages weigh heavily on tech sector profits,Retail
New regulations on cryptocurrencies cause a market dip,Finance
Semiconductor shortages weigh heavily on tech sector profits,Agriculture
Media and Entertainment companies report a surge in streaming revenue,Construction
Central Bank's dovish tone hints at future rate cuts,Pharmaceuticals
Semiconductor shortages weigh heavily on tech sector profits,Finance
Semiconductor shortages weigh heavily on tech sector profits,Agriculture
Healthcare stocks gain on robust demand and strong outlook,Retail
E-commerce earnings report beats all analyst expectations,Media & Entertainment
China's Shanghai Composite falls after new trade restrictions,Utilities
Government spending bill is expected to stimulate the economy,Real Estate
Supply chain issues impact manufacturing sector earnings,Construction
Semiconductor shortages weigh heavily on tech sector profits,Pharmaceuticals
Banking stocks dip after a major scandal is revealed,Technology
Mining company stock surges on commodity price boom,Consumer Goods
E-commerce earnings report beats all analyst expectations,Pharmaceuticals
,Technology
Utilities sector remains stable during market fluctuations,Aerospace & Defense
Major oil spill sends energy stocks plummeting,Agriculture
Geopolitical ceasefire prompts a broad market recovery,Finance
Government policy shift boosts renewable energy sector,Finance
Government subsidy program gives a lift to the agriculture sector,Construction
New IPO for a popular software firm is oversubscribed,Technology
Semiconductor shortages weigh heavily on tech sector profits,Construction
Real Estate sector shows signs of overheating as interest rates fall,Telecommunications
Unexpected rise in unemployment fuels market pessimism,Pharmaceuticals
Tech Giant's New Product Launch Sparks Sector-Wide Gains,Telecommunications
Gold prices surge as investors flee riskier assets,Real Estate
Nikkei 225 index benefits from a weaker yen,Technology
Market sentiment turns positive on vaccine trial results,Materials
Real Estate sector shows signs of overheating as interest rates fall,Real Estate
Aerospace and Defense sector sees rally amid geopolitical tensions,Finance
Healthcare stocks gain on robust demand and strong outlook,Construction
Financial sector bracing for new capital requirements,Aerospace & Defense
ASX 200 gains on strong export performance,Agriculture
Consumer Discretionary stocks outperform as spending increases,Healthcare
Major oil spill sends energy stocks plummeting,Industrials
Major technology firm acquires a smaller rival in a multi-billion dollar deal,Media & Entertainment
Major oil spill sends energy stocks plummeting,Aerospace & Defense
Central bank maintains status quo on interest rates,Consumer Goods
Market sentiment turns positive on vaccine trial results,Technology
Retail sales report surpasses all forecasts,Energy
Government spending bill is expected to stimulate the economy,Healthcare
Automotive industry faces headwinds from rising material costs,Consumer Goods
Consumer confidence index reaches a decade high,Transportation
"Global trade talks collapse, causing market turmoil",Telecommunications
Central Bank's dovish tone hints at future rate cuts,Transportation
Pharmaceutical company's drug approval drives stock upward,Materials
Market braces for a major policy announcement from the EU,Energy
Media and Entertainment companies report a surge in streaming revenue,Construction
,Aerospace & Defense
Merger talks between two banks fall through,Pharmaceuticals
Record-high inflation data rattles investors,Finance
Market sentiment turns positive on vaccine trial results,Real Estate
Supply chain issues impact manufacturing sector earnings,Industrials
UK's FTSE 100 sees a boost from favorable trade data,Industrials
Utilities sector remains stable during market fluctuations,Technology
China's Shanghai Composite falls after new trade restrictions,Media & Entertainment
China's Shanghai Composite falls after new trade restrictions,Energy
Quarterly report shows surprising losses for retail giants,Aerospace & Defense
Healthcare stocks gain on robust demand and strong outlook,Media & Entertainment
Crude oil prices drop to a multi-year low,Telecommunications
Financial services stocks rally on strong profit margins,Pharmaceuticals
Geopolitical ceasefire prompts a broad market recovery,Media & Entertainment
Manufacturing PMI data signals economic expansion,Utilities
Supply chain issues impact manufacturing sector earnings,Pharmaceuticals
Consumer confidence index reaches a decade high,Agriculture
Government spending bill is expected to stimulate the economy,Healthcare
China's Shanghai Composite falls after new trade restrictions,Telecommunications
Merger talks between two banks fall through,Construction
Tech Giant's New Product Launch Sparks Sector-Wide Gains,Media & Entertainment
Utilities sector remains stable during market fluctuations,Finance
E-commerce earnings report beats all analyst expectations,Energy
Retail sales report surpasses all forecasts,Construction
Energy company's dividend hike excites shareholders,Technology
ASX 200 gains on strong export performance,Industrials
Real Estate sector shows signs of overheating as interest rates fall,Transportation
,Retail
Federal Reserve Chairman's speech causes market volatility,Telecommunications
Consumer Discretionary stocks outperform as spending increases,Telecommunications
Semiconductor shortages weigh heavily on tech sector profits,Industrials
Geopolitical ceasefire prompts a broad market recovery,Agriculture
Gold prices surge as investors flee riskier assets,Aerospace & Defense
Consumer confidence index reaches a decade high,Aerospace & Defense
Consumer confidence index reaches a decade high,Agriculture
Merger talks between two banks fall through,Construction
Major oil spill sends energy stocks plummeting,Industrials
Crude oil prices drop to a multi-year low,Real Estate
Supply chain issues impact manufacturing sector earnings,Aerospace & Defense
Major oil spill sends energy stocks plummeting,Telecommunications
Unexpected rise in unemployment fuels market pessimism,Finance
Merger talks between two banks fall through,Media & Entertainment
A massive data breach sends a tech company's stock tumbling,Real Estate
Financial sector bracing for new capital requirements,Transportation
Record-high inflation data rattles investors,Automotive
A massive data breach sends a tech company's stock tumbling,Utilities
Government subsidy program gives a lift to the agriculture sector,Healthcare
Pharmaceutical company's drug approval drives stock upward,Technology
Government subsidy program gives a lift to the agriculture sector,Telecommunications
New housing data release shows a slowdown in market activity,Technology
,Materials
New housing data release shows a slowdown in market activity,Transportation
Banking stocks dip after a major scandal is revealed,Transportation
Utilities sector remains stable during market fluctuations,Telecommunications
Market braces for a major policy announcement from the EU,Retail
,Finance
Record-high inflation data rattles investors,Telecommunications
Tech Giant's New Product Launch Sparks Sector-Wide Gains,Utilities
New IPO for a popular software firm is oversubscribed,Utilities
New regulations on cryptocurrencies cause a market dip,Agriculture
Real Estate sector shows signs of overheating as interest rates fall,Automotive
E-commerce earnings report beats all analyst expectations,Retail
Consumer confidence index reaches a decade high,Materials
Market sentiment turns positive on vaccine trial results,Healthcare
Consumer Discretionary stocks outperform as spending increases,Agriculture
"Global trade talks collapse, causing market turmoil",Utilities
Market braces for a major policy announcement from the EU,Transportation
Crude oil prices drop to a multi-year low,Telecommunications
,Technology
Government policy shift boosts renewable energy sector,Telecommunications
Unexpected rise in unemployment fuels market pessimism,Real Estate
Federal Reserve Chairman's speech causes market volatility,Materials
Quarterly report shows surprising losses for retail giants,Materials
ASX 200 gains on strong export performance,Technology
,Utilities
Automotive industry faces headwinds from rising material costs,Telecommunications
Energy company's dividend hike excites shareholders,Industrials
Consumer Discretionary stocks outperform as spending increases,Agriculture
Aerospace and Defense sector sees rally amid geopolitical tensions,Industrials
Real Estate sector shows signs of overheating as interest rates fall,Energy
,Automotive
Geopolitical ceasefire prompts a broad market recovery,Healthcare
Consumer confidence index reaches a decade high,Aerospace & Defense
Market sentiment turns positive on vaccine trial results,Pharmaceuticals
Major technology firm acquires a smaller rival in a multi-billion dollar deal,Aerospace & Defense
Market sentiment turns positive on vaccine trial results,Materials
Major technology firm acquires a smaller rival in a multi-billion dollar deal,Technology
Consumer confidence index reaches a decade high,Transportation
Retail sales report surpasses all forecasts,Retail
Real Estate sector shows signs of overheating as interest rates fall,Retail
China's Shanghai Composite falls after new trade restrictions,Aerospace & Defense
Mining company stock surges on commodity price boom,Materials
Consumer Discretionary stocks outperform as spending increases,Agriculture
Record-high inflation data rattles investors,Consumer Goods
Aerospace and Defense sector sees rally amid geopolitical tensions,Materials
"Global trade talks collapse, causing market turmoil",Transportation
Market braces for a major policy announcement from the EU,Agriculture
New IPO for a popular software firm is oversubscribed,Media & Entertainment
Real Estate sector shows signs of overheating as interest rates fall,Retail
Consumer Discretionary stocks outperform as spending increases,Retail
Government spending bill is expected to stimulate the economy,Real Estate
Central Bank's dovish tone hints at future rate cuts,Materials
E-commerce earnings report beats all analyst expectations,Materials
Government subsidy program gives a lift to the agriculture sector,Industrials
Manufacturing PMI data signals economic expansion,Pharmaceuticals
Geopolitical ceasefire prompts a broad market recovery,Agriculture
,Automotive
Government subsidy program gives a lift to the agriculture sector,Media & Entertainment
"Global trade talks collapse, causing market turmoil",Agriculture
Unexpected rise in unemployment fuels market pessimism,Construction
Energy company's dividend hike excites shareholders,Retail
Crude oil prices drop to a multi-year low,Technology
Major technology firm acquires a smaller rival in a multi-billion dollar deal,Consumer Goods
Financial services stocks rally on strong profit margins,Automotive
Government spending bill is expected to stimulate the economy,Healthcare
Government subsidy program gives a lift to the agriculture sector,Telecommunications
Automotive industry faces headwinds from rising material costs,Transportation
,Automotive
New housing data release shows a slowdown in market activity,Real Estate
A massive data breach sends a tech company's stock tumbling,Energy
Government spending bill is expected to stimulate the economy,Retail
Retail sales report surpasses all forecasts,Media & Entertainment
Consumer Discretionary stocks outperform as spending increases,Utilities
Semiconductor shortages weigh heavily on tech sector profits,Agriculture
Major oil spill sends energy stocks plummeting,Utilities
Supply chain issues impact manufacturing sector earnings,Consumer Goods
E-commerce earnings report beats all analyst expectations,Finance
Quarterly report shows surprising losses for retail giants,Consumer Goods
Tech Giant's New Product Launch Sparks Sector-Wide Gains,Transportation
,Telecommunications
Automotive industry faces headwinds from rising material costs,Consumer Goods
Retail sales report surpasses all forecasts,Real Estate
Dow Jones plunges as market fears recession,Technology
ASX 200 gains on strong export performance,Transportation
New IPO for a popular software firm is oversubscribed,Technology
New IPO for a popular software firm is oversubscribed,Aerospace & Defense
Pharmaceutical company's drug approval drives stock upward,Media & Entertainment
Supply chain issues impact manufacturing sector earnings,Energy
Consumer Discretionary stocks outperform as spending increases,Finance
Real Estate sector shows signs of overheating as interest rates fall,Aerospace & Defense
,Consumer Goods
Crude oil prices drop to a multi-year low,Energy
Massive stock buyback program announced by a consumer goods company,Materials
Government subsidy program gives a lift to the agriculture sector,Real Estate
Financial sector bracing for new capital requirements,Utilities
Consumer Discretionary stocks outperform as spending increases,Agriculture
Federal Reserve Chairman's speech causes market volatility,Media & Entertainment
Federal Reserve Chairman's speech causes market volatility,Energy
Government spending bill is expected to stimulate the economy,Telecommunications
Real Estate sector shows signs of overheating as interest rates fall,Transportation
Media and Entertainment companies report a surge in streaming revenue,Media & Entertainment
Automotive industry faces headwinds from rising material costs,Media & Entertainment
Gold prices surge as investors flee riskier assets,Technology
Massive stock buyback program announced by a consumer goods company,Automotive
UK's FTSE 100 sees a boost from favorable trade data,Materials
Consumer Discretionary stocks outperform as spending increases,Telecommunications
Major technology firm acquires a smaller rival in a multi-billion dollar deal,Automotive
New regulations on cryptocurrencies cause a market dip,Transportation
Healthcare stocks gain on robust demand and strong outlook,Telecommunications
Central bank maintains status quo on interest rates,Energy
Nikkei 225 index benefits from a weaker yen,Pharmaceuticals
Central bank maintains status quo on interest rates,Aerospace & Defense
UK's FTSE 100 sees a boost from favorable trade data,Retail
Geopolitical ceasefire prompts a broad market recovery,Media & Entertainment
Supply chain issues impact manufacturing sector earnings,Finance
Central Bank's dovish tone hints at future rate cuts,Retail
New regulations on cryptocurrencies cause a market dip,Healthcare
,Materials
Unexpected rise in unemployment fuels market pessimism,Construction
A massive data breach sends a tech company's stock tumbling,Healthcare
,Real Estate
Financial sector bracing for new capital requirements,Consumer Goods
Consumer Discretionary stocks outperform as spending increases,Industrials
Central Bank Governor signals potential shift in policy,Real Estate
Media and Entertainment companies report a surge in streaming revenue,Aerospace & Defense
Federal Reserve Chairman's speech causes market volatility,Energy
Real Estate sector shows signs of overheating as interest rates fall,Construction
Government spending bill is expected to stimulate the economy,Consumer Goods
,Energy
Government subsidy program gives a lift to the agriculture sector,Technology
ASX 200 gains on strong export performance,Media & Entertainment
Central Bank's dovish tone hints at future rate cuts,Retail
Bond yields tumble as investors seek safe havens,Consumer Goods
Supply chain issues impact manufacturing sector earnings,Energy
Federal Reserve Chairman's speech causes market volatility,Materials
Healthcare stocks gain on robust demand and strong outlook,Media & Entertainment
Manufacturing PMI data signals economic expansion,Pharmaceuticals
Aerospace and Defense sector sees rally amid geopolitical tensions,Utilities
Massive stock buyback program announced by a consumer goods company,Agriculture
Automotive industry faces headwinds from rising material costs,Aerospace & Defense
Merger talks between two banks fall through,Industrials
Unexpected rise in unemployment fuels market pessimism,Aerospace & Defense
New housing data release shows a slowdown in market activity,Agriculture
Manufacturing PMI data signals economic expansion,Agriculture
Real Estate sector shows signs of overheating as interest rates fall,Agriculture
Tech Giant's New Product Launch Sparks Sector-Wide Gains,Agriculture
Nikkei 225 index benefits from a weaker yen,Industrials
Consumer Discretionary stocks outperform as spending increases,Utilities
"Global trade talks collapse, causing market turmoil",Pharmaceuticals
Massive stock buyback program announced by a consumer goods company,Automotive
Government spending bill is expected to stimulate the economy,Transportation
Major technology firm acquires a smaller rival in a multi-billion dollar deal,Construction
Major technology firm acquires a smaller rival in a multi-billion dollar deal,Technology
Central Bank's dovish tone hints at future rate cuts,Retail
Pharmaceutical company's drug approval drives stock upward,Technology
,Real Estate
Crude oil prices drop to a multi-year low,Transportation
Energy company's dividend hike excites shareholders,Technology
Crude oil prices drop to a multi-year low,Aerospace & Defense
Central bank maintains status quo on interest rates,Transportation
Consumer Discretionary stocks outperform as spending increases,Utilities
Consumer Discretionary stocks outperform as spending increases,Energy
China's Shanghai Composite falls after new trade restrictions,Telecommunications
Utilities sector remains stable during market fluctuations,Industrials
Semiconductor shortages weigh heavily on tech sector profits,Finance
Record-high inflation data rattles investors,Pharmaceuticals
Financial services stocks rally on strong profit margins,Construction
Central bank maintains status quo on interest rates,Real Estate
Financial services stocks rally on strong profit margins,Finance
A massive data breach sends a tech company's stock tumbling,Energy
Manufacturing PMI data signals economic expansion,Healthcare
Energy company's dividend hike excites shareholders,Industrials
Government policy shift boosts renewable energy sector,Transportation
Unexpected rise in unemployment fuels market pessimism,Pharmaceuticals
Unexpected rise in unemployment fuels market pessimism,Healthcare
ASX 200 gains on strong export performance,Utilities
Crude oil prices drop to a multi-year low,Pharmaceuticals
ASX 200 gains on strong export performance,Finance
Real Estate sector shows signs of overheating as interest rates fall,Energy
ASX 200 gains on strong export performance,Technology
Nikkei 225 index benefits from a weaker yen,Healthcare
Energy company's dividend hike excites shareholders,Pharmaceuticals
Merger talks between two banks fall through,Automotive
Dow Jones plunges as market fears recession,Technology
Merger talks between two banks fall through,Agriculture
Aerospace and Defense sector sees rally amid geopolitical tensions,Healthcare
Nikkei 225 index benefits from a weaker yen,Industrials
Retail sales report surpasses all forecasts,Materials
Market sentiment turns positive on vaccine trial results,Materials
China's Shanghai Composite falls after new trade restrictions,Technology
Automotive industry faces headwinds from rising material costs,Energy
Unexpected rise in unemployment fuels market pessimism,Agriculture
New housing data release shows a slowdown in market activity,Telecommunications
"Global trade talks collapse, causing market turmoil",Construction
New IPO for a popular software firm is oversubscribed,Pharmaceuticals
Unexpected rise in unemployment fuels market pessimism,Agriculture
Utilities sector remains stable during market fluctuations,Automotive
Central Bank Governor signals potential shift in policy,Real Estate
Central Bank Governor signals potential shift in policy,Automotive
Central bank maintains status quo on interest rates,Consumer Goods
Major technology firm acquires a smaller rival in a multi-billion dollar deal,Finance
Record-high inflation data rattles investors,Energy
Federal Reserve Chairman's speech causes market volatility,Real Estate
,Energy
Major technology firm acquires a smaller rival in a multi-billion dollar deal,Consumer Goods
Real Estate sector shows signs of overheating as interest rates fall,Automotive
Massive stock buyback program announced by a consumer goods company,Agriculture
Record-high inflation data rattles investors,Utilities
New housing data release shows a slowdown in market activity,Telecommunications
,Agriculture
Financial sector bracing for new capital requirements,Telecommunications
Supply chain issues impact manufacturing sector earnings,Utilities
A massive data breach sends a tech company's stock tumbling,Finance
Utilities sector remains stable during market fluctuations,Healthcare
ASX 200 gains on strong export performance,Telecommunications
China's Shanghai Composite falls after new trade restrictions,Pharmaceuticals
Mining company stock surges on commodity price boom,Agriculture
Central Bank Governor signals potential shift in policy,Healthcare
China's Shanghai Composite falls after new trade restrictions,Utilities
,Materials
E-commerce earnings report beats all analyst expectations,Construction
Gold prices surge as investors flee riskier assets,Retail
Real Estate sector shows signs of overheating as interest rates fall,Industrials
Dow Jones plunges as market fears recession,Pharmaceuticals
Dow Jones plunges as market fears recession,Media & Entertainment
Tech Giant's New Product Launch Sparks Sector-Wide Gains,Industrials
Government policy shift boosts renewable energy sector,Retail
Bond yields tumble as investors seek safe havens,Telecommunications
Geopolitical ceasefire prompts a broad market recovery,Aerospace & Defense
Merger talks between two banks fall through,Consumer Goods
Government spending bill is expected to stimulate the economy,Healthcare
Government subsidy program gives a lift to the agriculture sector,Finance
Record-high inflation data rattles investors,Industrials
Utilities sector remains stable during market fluctuations,Energy
Consumer confidence index reaches a decade high,Pharmaceuticals
Consumer confidence index reaches a decade high,Energy
Bond yields tumble as investors seek safe havens,Agriculture
Automotive industry faces headwinds from rising material costs,Consumer Goods
A massive data breach sends a tech company's stock tumbling,Consumer Goods
"Global trade talks collapse, causing market turmoil",Real Estate
Supply chain issues impact manufacturing sector earnings,Retail
Banking stocks dip after a major scandal is revealed,Aerospace & Defense
New regulations on cryptocurrencies cause a market dip,Utilities
A massive data breach sends a tech company's stock tumbling,Materials
Major oil spill sends energy stocks plummeting,Retail
,Healthcare
A massive data breach sends a tech company's stock tumbling,Media & Entertainment
Central bank maintains status quo on interest rates,Healthcare
New IPO for a popular software firm is oversubscribed,Construction
Unexpected rise in unemployment fuels market pessimism,Telecommunications
ASX 200 gains on strong export performance,Telecommunications
Tech Giant's New Product Launch Sparks Sector-Wide Gains,Real Estate
Consumer confidence index reaches a decade high,Energy
UK's FTSE 100 sees a boost from favorable trade data,Materials
New IPO for a popular software firm is oversubscribed,Energy
Central Bank Governor signals potential shift in policy,Automotive
Energy company's dividend hike excites shareholders,Transportation
Government policy shift boosts renewable energy sector,Transportation
Quarterly report shows surprising losses for retail giants,Energy
Bond yields tumble as investors seek safe havens,Telecommunications
Record-high inflation data rattles investors,Real Estate
Central Bank's dovish tone hints at future rate cuts,Healthcare
A massive data breach sends a tech company's stock tumbling,Consumer Goods
Financial services stocks rally on strong profit margins,Materials
Healthcare stocks gain on robust demand and strong outlook,Agriculture
Financial services stocks rally on strong profit margins,Retail
Central Bank's dovish tone hints at future rate cuts,Telecommunications
Consumer Discretionary stocks outperform as spending increases,Retail
Pharmaceutical company's drug approval drives stock upward,Materials
Geopolitical ceasefire prompts a broad market recovery,Aerospace & Defense
Bond yields tumble as investors seek safe havens,Energy
Quarterly report shows surprising losses for retail giants,Transportation
Merger talks between two banks fall through,Aerospace & Defense
Gold prices surge as investors flee riskier assets,Pharmaceuticals
Crude oil prices drop to a multi-year low,Media & Entertainment
China's Shanghai Composite falls after new trade restrictions,Transportation
Mining company stock surges on commodity price boom,Materials
UK's FTSE 100 sees a boost from favorable trade data,Construction
ASX 200 gains on strong export performance,Industrials
A massive data breach sends a tech company's stock tumbling,Healthcare
,Transportation
Tech Giant's New Product Launch Sparks Sector-Wide Gains,Utilities
Utilities sector remains stable during market fluctuations,Telecommunications
UK's FTSE 100 sees a boost from favorable trade data,Retail
Federal Reserve Chairman's speech causes market volatility,Transportation
"Global trade talks collapse, causing market turmoil",Transportation
Major oil spill sends energy stocks plummeting,Real Estate
Quarterly report shows surprising losses for retail giants,Telecommunications
ASX 200 gains on strong export performance,Aerospace & Defense
Mining company stock surges on commodity price boom,Agriculture
Geopolitical ceasefire prompts a broad market recovery,Retail
Manufacturing PMI data signals economic expansion,Construction
,Energy
New regulations on cryptocurrencies cause a market dip,Utilities
Manufacturing PMI data signals economic expansion,Materials
Major oil spill sends energy stocks plummeting,Industrials
Manufacturing PMI data signals economic expansion,Consumer Goods
Healthcare stocks gain on robust demand and strong outlook,Telecommunications
Bond yields tumble as investors seek safe havens,Telecommunications
Tech Giant's New Product Launch Sparks Sector-Wide Gains,Transportation
Government subsidy program gives a lift to the agriculture sector,Transportation
Record-high inflation data rattles investors,Telecommunications
New housing data release shows a slowdown in market activity,Consumer Goods
Major oil spill sends energy stocks plummeting,Consumer Goods
,Healthcare
Banking stocks dip after a major scandal is revealed,Consumer Goods
Market sentiment turns positive on vaccine trial results,Retail
Utilities sector remains stable during market fluctuations,Agriculture
,Utilities
E-commerce earnings report beats all analyst expectations,Finance
Manufacturing PMI data signals economic expansion,Transportation
,Real Estate
Bond yields tumble as investors seek safe havens,Retail
,Construction
Merger talks between two banks fall through,Media & Entertainment
UK's FTSE 100 sees a boost from favorable trade data,Agriculture
Energy company's dividend hike excites shareholders,Aerospace & Defense
Nikkei 225 index benefits from a weaker yen,Media & Entertainment
Financial services stocks rally on strong profit margins,Retail
Government policy shift boosts renewable energy sector,Automotive
Automotive industry faces headwinds from rising material costs,Industrials
Major oil spill sends energy stocks plummeting,Retail
Healthcare stocks gain on robust demand and strong outlook,Transportation
New regulations on cryptocurrencies cause a market dip,Agriculture
Government spending bill is expected to stimulate the economy,Consumer Goods
Retail sales report surpasses all forecasts,Energy
China's Shanghai Composite falls after new trade restrictions,Aerospace & Defense
Automotive industry faces headwinds from rising material costs,Materials
New IPO for a popular software firm is oversubscribed,Energy
Market sentiment turns positive on vaccine trial results,Pharmaceuticals
Central bank maintains status quo on interest rates,Automotive
Real Estate sector shows signs of overheating as interest rates fall,Energy
Federal Reserve Chairman's speech causes market volatility,Finance
New IPO for a popular software firm is oversubscribed,Transportation
Nikkei 225 index benefits from a weaker yen,Utilities
Central Bank's dovish tone hints at future rate cuts,Construction
,Energy
Massive stock buyback program announced by a consumer goods company,Transportation
Financial sector bracing for new capital requirements,Consumer Goods
Media and Entertainment companies report a surge in streaming revenue,Retail
Mining company stock surges on commodity price boom,Media & Entertainment
Automotive industry faces headwinds from rising material costs,Construction
Financial sector bracing for new capital requirements,Energy
New housing data release shows a slowdown in market activity,Materials
ASX 200 gains on strong export performance,Materials
Geopolitical ceasefire prompts a broad market recovery,Automotive
Massive stock buyback program announced by a consumer goods company,Consumer Goods
Automotive industry faces headwinds from rising material costs,Media & Entertainment
E-commerce earnings report beats all analyst expectations,Transportation
Market braces for a major policy announcement from the EU,Energy
Government policy shift boosts renewable energy sector,Utilities
Energy company's dividend hike excites shareholders,Transportation
Tech Giant's New Product Launch Sparks Sector-Wide Gains,Materials
Supply chain issues impact manufacturing sector earnings,Aerospace & Defense
Market sentiment turns positive on vaccine trial results,Energy
Automotive industry faces headwinds from rising material costs,Construction
Financial services stocks rally on strong profit margins,Energy
Central Bank's dovish tone hints at future rate cuts,Media & Entertainment
Major technology firm acquires a smaller rival in a multi-billion dollar deal,Energy
Government policy shift boosts renewable energy sector,Industrials
Utilities sector remains stable during market fluctuations,Industrials
New IPO for a popular software firm is oversubscribed,Materials
Mining company stock surges on commodity price boom,Technology
Major oil spill sends energy stocks plummeting,Utilities
Gold prices surge as investors flee riskier assets,Utilities
Unexpected rise in unemployment fuels market pessimism,Aerospace & Defense
Central Bank's dovish tone hints at future rate cuts,Agriculture
Consumer confidence index reaches a decade high,Media & Entertainment
Supply chain issues impact manufacturing sector earnings,Agriculture
Energy company's dividend hike excites shareholders,Technology
Consumer confidence index reaches a decade high,Finance
Automotive industry faces headwinds from rising material costs,Aerospace & Defense
A massive data breach sends a tech company's stock tumbling,Telecommunications
UK's FTSE 100 sees a boost from favorable trade data,Technology
Dow Jones plunges as market fears recession,Transportation
New regulations on cryptocurrencies cause a market dip,Pharmaceuticals
,Consumer Goods
Media and Entertainment companies report a surge in streaming revenue,Transportation
New regulations on cryptocurrencies cause a market dip,Energy
Utilities sector remains stable during market fluctuations,Energy
Automotive industry faces headwinds from rising material costs,Transportation
Healthcare stocks gain on robust demand and strong outlook,Energy
Manufacturing PMI data signals economic expansion,Media & Entertainment
Central Bank Governor signals potential shift in policy,Materials
Market braces for a major policy announcement from the EU,Healthcare
Media and Entertainment companies report a surge in streaming revenue,Automotive
Federal Reserve Chairman's speech causes market volatility,Agriculture
Automotive industry faces headwinds from rising material costs,Agriculture
Consumer confidence index reaches a decade high,Media & Entertainment
Nikkei 225 index benefits from a weaker yen,Utilities
E-commerce earnings report beats all analyst expectations,Healthcare
Major technology firm acquires a smaller rival in a multi-billion dollar deal,Construction
Crude oil prices drop to a multi-year low,Healthcare
,Energy
E-commerce earnings report beats all analyst expectations,Materials
Market braces for a major policy announcement from the EU,Technology
Retail sales report surpasses all forecasts,Automotive
Federal Reserve Chairman's speech causes market volatility,Retail
Crude oil prices drop to a multi-year low,Agriculture
Market sentiment turns positive on vaccine trial results,Technology
Major oil spill sends energy stocks plummeting,Agriculture
Energy company's dividend hike excites shareholders,Utilities
Market braces for a major policy announcement from the EU,Transportation
New housing data release shows a slowdown in market activity,Telecommunications
"Global trade talks collapse, causing market turmoil",Automotive
Quarterly report shows surprising losses for retail giants,Energy
ASX 200 gains on strong export performance,Telecommunications
Aerospace and Defense sector sees rally amid geopolitical tensions,Construction
Semiconductor shortages weigh heavily on tech sector profits,Real Estate
Banking stocks dip after a major scandal is revealed,Utilities
,Real Estate
Healthcare stocks gain on robust demand and strong outlook,Transportation
Market braces for a major policy announcement from the EU,Automotive
Real Estate sector shows signs of overheating as interest rates fall,Aerospace & Defense
Semiconductor shortages weigh heavily on tech sector profits,Utilities
Retail sales report surpasses all forecasts,Automotive
Semiconductor shortages weigh heavily on tech sector profits,Aerospace & Defense
,Energy
Market braces for a major policy announcement from the EU,Aerospace & Defense
Market sentiment turns positive on vaccine trial results,Retail
Aerospace and Defense sector sees rally amid geopolitical tensions,Energy
New housing data release shows a slowdown in market activity,Healthcare
New regulations on cryptocurrencies cause a market dip,Industrials
Mining company stock surges on commodity price boom,Industrials
Record-high inflation data rattles investors,Transportation
Merger talks between two banks fall through,Industrials
Healthcare stocks gain on robust demand and strong outlook,Aerospace & Defense
Aerospace and Defense sector sees rally amid geopolitical tensions,Automotive
Tech Giant's New Product Launch Sparks Sector-Wide Gains,Automotive
Utilities sector remains stable during market fluctuations,Utilities
Consumer Discretionary stocks outperform as spending increases,Pharmaceuticals
Gold prices surge as investors flee riskier assets,Telecommunications
"Global trade talks collapse, causing market turmoil",Consumer Goods
Pharmaceutical company's drug approval drives stock upward,Transportation
Geopolitical ceasefire prompts a broad market recovery,Construction
Semiconductor shortages weigh heavily on tech sector profits,Technology
Semiconductor shortages weigh heavily on tech sector profits,Telecommunications
Government spending bill is expected to stimulate the economy,Telecommunications
New regulations on cryptocurrencies cause a market dip,Healthcare
UK's FTSE 100 sees a boost from favorable trade data,Energy
"Global trade talks collapse, causing market turmoil",Real Estate
Gold prices surge as investors flee riskier assets,Telecommunications
Massive stock buyback program announced by a consumer goods company,Construction
Quarterly report shows surprising losses for retail giants,Finance
Semiconductor shortages weigh heavily on tech sector profits,Media & Entertainment
Healthcare stocks gain on robust demand and strong outlook,Real Estate
Bond yields tumble as investors seek safe havens,Construction
ASX 200 gains on strong export performance,Finance
UK's FTSE 100 sees a boost from favorable trade data,Transportation
Aerospace and Defense sector sees rally amid geopolitical tensions,Real Estate
UK's FTSE 100 sees a boost from favorable trade data,Energy
Central bank maintains status quo on interest rates,Transportation
Energy company's dividend hike excites shareholders,Transportation
Major oil spill sends energy stocks plummeting,Materials
Quarterly report shows surprising losses for retail giants,Media & Entertainment
New regulations on cryptocurrencies cause a market dip,Utilities
Gold prices surge as investors flee riskier assets,Finance
Government subsidy program gives a lift to the agriculture sector,Technology
Semiconductor shortages weigh heavily on tech sector profits,Agriculture
,Materials
Banking stocks dip after a major scandal is revealed,Media & Entertainment
Media and Entertainment companies report a surge in streaming revenue,Industrials
Major oil spill sends energy stocks plummeting,Construction
Record-high inflation data rattles investors,Real Estate
Massive stock buyback program announced by a consumer goods company,Construction
Financial sector bracing for new capital requirements,Automotive
Financial sector bracing for new capital requirements,Transportation
China's Shanghai Composite falls after new trade restrictions,Media & Entertainment
Government spending bill is expected to stimulate the economy,Automotive
ASX 200 gains on strong export performance,Finance
New housing data release shows a slowdown in market activity,Construction
Semiconductor shortages weigh heavily on tech sector profits,Technology
,Agriculture
Financial services stocks rally on strong profit margins,Telecommunications
Government subsidy program gives a lift to the agriculture sector,Healthcare
"Global trade talks collapse, causing market turmoil",Consumer Goods
UK's FTSE 100 sees a boost from favorable trade data,Telecommunications
Crude oil prices drop to a multi-year low,Aerospace & Defense
Merger talks between two banks fall through,Technology
Utilities sector remains stable during market fluctuations,Construction
New IPO for a popular software firm is oversubscribed,Technology
Geopolitical ceasefire prompts a broad market recovery,Media & Entertainment
E-commerce earnings report beats all analyst expectations,Construction
Energy company's dividend hike excites shareholders,Real Estate
ASX 200 gains on strong export performance,Media & Entertainment
Gold prices surge as investors flee riskier assets,Construction
Consumer Discretionary stocks outperform as spending increases,Utilities
New IPO for a popular software firm is oversubscribed,Retail
Consumer confidence index reaches a decade high,Agriculture
"Global trade talks collapse, causing market turmoil",Construction
Major technology firm acquires a smaller rival in a multi-billion dollar deal,Real Estate
Government subsidy program gives a lift to the agriculture sector,Telecommunications
Federal Reserve Chairman's speech causes market volatility,Aerospace & Defense
Government policy shift boosts renewable energy sector,Media & Entertainment
Consumer Discretionary stocks outperform as spending increases,Materials
Market sentiment turns positive on vaccine trial results,Aerospace & Defense
New regulations on cryptocurrencies cause a market dip,Agriculture
Consumer confidence index reaches a decade high,Construction
Major technology firm acquires a smaller rival in a multi-billion dollar deal,Technology
Geopolitical ceasefire prompts a broad market recovery,Retail
Real Estate sector shows signs of overheating as interest rates fall,Technology
Automotive industry faces headwinds from rising material costs,Industrials
Automotive industry faces headwinds from rising material costs,Automotive
Government spending bill is expected to stimulate the economy,Technology
Government spending bill is expected to stimulate the economy,Materials
Utilities sector remains stable during market fluctuations,Materials
Utilities sector remains stable during market fluctuations,Retail
Tech Giant's New Product Launch Sparks Sector-Wide Gains,Real Estate
"Global trade talks collapse, causing market turmoil",Real Estate
Nikkei 225 index benefits from a weaker yen,Media & Entertainment
China's Shanghai Composite falls after new trade restrictions,Retail
"Global trade talks collapse, causing market turmoil",Utilities
Consumer Discretionary stocks outperform as spending increases,Utilities
China's Shanghai Composite falls after new trade restrictions,Telecommunications
A massive data breach sends a tech company's stock tumbling,Consumer Goods
Tech Giant's New Product Launch Sparks Sector-Wide Gains,Consumer Goods
Financial services stocks rally on strong profit margins,Agriculture
Automotive industry faces headwinds from rising material costs,Automotive
Tech Giant's New Product Launch Sparks Sector-Wide Gains,Industrials
Government subsidy program gives a lift to the agriculture sector,Materials
Pharmaceutical company's drug approval drives stock upward,Consumer Goods
Central Bank's dovish tone hints at future rate cuts,Agriculture
Consumer confidence index reaches a decade high,Technology
Central Bank Governor signals potential shift in policy,Pharmaceuticals
Government subsidy program gives a lift to the agriculture sector,Technology
Government spending bill is expected to stimulate the economy,Pharmaceuticals
Central Bank's dovish tone hints at future rate cuts,Materials
Automotive industry faces headwinds from rising material costs,Energy
Government spending bill is expected to stimulate the economy,Real Estate
Semiconductor shortages weigh heavily on tech sector profits,Aerospace & Defense
Central Bank's dovish tone hints at future rate cuts,Transportation
Automotive industry faces headwinds from rising material costs,Construction
Federal Reserve Chairman's speech causes market volatility,Real Estate
Supply chain issues impact manufacturing sector earnings,Healthcare
Consumer confidence index reaches a decade high,Industrials
Bond yields tumble as investors seek safe havens,Real Estate
Market braces for a major policy announcement from the EU,Real Estate
Automotive industry faces headwinds from rising material costs,Consumer Goods
Manufacturing PMI data signals economic expansion,Consumer Goods
Consumer Discretionary stocks outperform as spending increases,Finance
New IPO for a popular software firm is oversubscribed,Retail
Dow Jones plunges as market fears recession,Technology
E-commerce earnings report beats all analyst expectations,Materials
"Global trade talks collapse, causing market turmoil",Finance
Supply chain issues impact manufacturing sector earnings,Materials
Massive stock buyback program announced by a consumer goods company,Retail
Merger talks between two banks fall through,Finance
Central bank maintains status quo on interest rates,Transportation
Automotive industry faces headwinds from rising material costs,Materials
Energy company's dividend hike excites shareholders,Transportation
Retail sales report surpasses all forecasts,Industrials
Consumer confidence index reaches a decade high,Retail
Market sentiment turns positive on vaccine trial results,Consumer Goods
Manufacturing PMI data signals economic expansion,Utilities
Central Bank's dovish tone hints at future rate cuts,Automotive
Mining company stock surges on commodity price boom,Aerospace & Defense
Government subsidy program gives a lift to the agriculture sector,Real Estate
Supply chain issues impact manufacturing sector earnings,Pharmaceuticals
Nikkei 225 index benefits from a weaker yen,Aerospace & Defense
UK's FTSE 100 sees a boost from favorable trade data,Energy
Pharmaceutical company's drug approval drives stock upward,Real Estate
China's Shanghai Composite falls after new trade restrictions,Technology
Semiconductor shortages weigh heavily on tech sector profits,Telecommunications
Merger talks between two banks fall through,Industrials
Government policy shift boosts renewable energy sector,Real Estate
New IPO for a popular software firm is oversubscribed,Technology
Real Estate sector shows signs of overheating as interest rates fall,Pharmaceuticals
Financial services stocks rally on strong profit margins,Automotive
Major oil spill sends energy stocks plummeting,Agriculture
New regulations on cryptocurrencies cause a market dip,Technology
ASX 200 gains on strong export performance,Consumer Goods
Government spending bill is expected to stimulate the economy,Aerospace & Defense
Automotive industry faces headwinds from rising material costs,Agriculture
Nikkei 225 index benefits from a weaker yen,Transportation
Market braces for a major policy announcement from the EU,Industrials
Central bank maintains status quo on interest rates,Media & Entertainment
New IPO for a popular software firm is oversubscribed,Retail
Real Estate sector shows signs of overheating as interest rates fall,Healthcare
,Consumer Goods
Nikkei 225 index benefits from a weaker yen,Healthcare
Utilities sector remains stable during market fluctuations,Retail
Major technology firm acquires a smaller rival in a multi-billion dollar deal,Construction
Manufacturing PMI data signals economic expansion,Materials
Dow Jones plunges as market fears recession,Energy
Massive stock buyback program announced by a consumer goods company,Construction
Utilities sector remains stable during market fluctuations,Automotive
Tech Giant's New Product Launch Sparks Sector-Wide Gains,Retail
Supply chain issues impact manufacturing sector earnings,Industrials
Market sentiment turns positive on vaccine trial results,Agriculture
Mining company stock surges on commodity price boom,Aerospace & Defense
Major oil spill sends energy stocks plummeting,Construction
Manufacturing PMI data signals economic expansion,Technology
Government spending bill is expected to stimulate the economy,Energy
Consumer confidence index reaches a decade high,Technology
